row_index,date,category,amount_eur,note,is_daily,source_sheet
0,2025-12-01,Квартира,66.5,жіночка,False,Грудень 2025
1,2025-12-01,Мама+котянчики,476.19,,False,Грудень 2025
2,2025-12-01,Мама+котянчики,117.86,котянчики,False,Грудень 2025
3,2025-12-01,Одяг,58.64,подушки,True,Грудень 2025
4,2025-12-01,Продукти,43.44,,True,Грудень 2025
5,2025-12-01,Продукти,9.76,,True,Грудень 2025
6,2025-12-01,Проїзд,7.82,,True,Грудень 2025
7,2025-12-01,Підписки,23.25,телефон Коля,False,Грудень 2025
8,2025-12-01,Підписки,63.64,PS (з Колянчиком),False,Грудень 2025
9,2025-12-01,Сигарети,12.71,,True,Грудень 2025
10,2025-12-01,Солодке,39.86,цукерки желейні,True,Грудень 2025
11,2025-12-01,Хоббі,2.15,голки,True,Грудень 2025
12,2025-12-01,івенти (квитки),425.39,квитки на Океан ельзи,False,Грудень 2025
13,2025-12-02,Масаж,195.58,,False,Грудень 2025
14,2025-12-02,Продукти,32.86,лідл,True,Грудень 2025
15,2025-12-02,Проїзд,1.96,,True,Грудень 2025
16,2025-12-02,Сигарети,25.43,,True,Грудень 2025
17,2025-12-02,Таксі,17.6,,True,Грудень 2025
18,2025-12-02,Таксі,9.19,,True,Грудень 2025
19,2025-12-03,Сигарети,25.43,,True,Грудень 2025
20,2025-12-04,Іжа на виніс,15.45,скара,True,Грудень 2025
21,2025-12-04,Одяг,87.39,"джинси+спортівки, хендик",True,Грудень 2025
22,2025-12-04,Продукти,70.84,Булмаг,True,Грудень 2025
23,2025-12-04,Продукти,82.05,[обчислено з формули],True,Грудень 2025
24,2025-12-04,Сигарети,25.43,,True,Грудень 2025
25,2025-12-05,Іжа в закладі,35.2,какао+десерт з Соньою,True,Грудень 2025
26,2025-12-05,Квартира,1858.04,,False,Грудень 2025
27,2025-12-05,Продукти,24.39,лідл,True,Грудень 2025
28,2025-12-05,Продукти,17.17,лідл,True,Грудень 2025
29,2025-12-05,Проїзд,1.96,,True,Грудень 2025
30,2025-12-05,Сигарети,25.43,,True,Грудень 2025
31,2025-12-05,Таксі,10.95,,True,Грудень 2025
32,2025-12-06,Іжа в закладі,9.12,"корндоги, чіпси [розподілено з «потусити»]",True,Грудень 2025
33,2025-12-06,Іжа в закладі,1.31,"корндоги, чіпси [розподілено з «потусити»]",True,Грудень 2025
34,2025-12-06,Іжа в закладі,1.05,"корндоги, чіпси [розподілено з «потусити»]",True,Грудень 2025
35,2025-12-06,Іжа в закладі,1.31,"корндоги, чіпси [розподілено з «потусити»]",True,Грудень 2025
36,2025-12-06,Алкоголь,20.48,пиво,True,Грудень 2025
37,2025-12-06,Алкоголь,9.12,"корндоги, чіпси [розподілено з «потусити»]",True,Грудень 2025
38,2025-12-06,Алкоголь,1.29,"корндоги, чіпси [розподілено з «потусити»]",True,Грудень 2025
39,2025-12-06,Алкоголь,1.03,"корндоги, чіпси [розподілено з «потусити»]",True,Грудень 2025
40,2025-12-06,Алкоголь,1.29,"корндоги, чіпси [розподілено з «потусити»]",True,Грудень 2025
41,2025-12-06,Продукти,30.1,Булмаг [обчислено з формули],True,Грудень 2025
42,2025-12-06,Продукти,64.31,дм молоко+матча,True,Грудень 2025
43,2025-12-06,Сигарети,25.43,,True,Грудень 2025
44,2025-12-06,Снеки,9.12,"корндоги, чіпси [розподілено з «потусити»]",True,Грудень 2025
45,2025-12-06,Снеки,1.29,"корндоги, чіпси [розподілено з «потусити»]",True,Грудень 2025
46,2025-12-06,Снеки,1.03,"корндоги, чіпси [розподілено з «потусити»]",True,Грудень 2025
47,2025-12-06,Снеки,1.29,"корндоги, чіпси [розподілено з «потусити»]",True,Грудень 2025
48,2025-12-07,Подарунки,117.82,Златі миколайчика,False,Грудень 2025
49,2025-12-07,Продукти,13.83,лідл,True,Грудень 2025
50,2025-12-07,Продукти,10.93,Булмаг(овочі+капуста кисело),True,Грудень 2025
51,2025-12-07,Продукти,5.85,Булмаг(овочі+капуста кисело),True,Грудень 2025
52,2025-12-07,Проїзд,1.96,,True,Грудень 2025
53,2025-12-07,Сигарети,25.43,,True,Грудень 2025
54,2025-12-07,Снеки,9.33,,True,Грудень 2025
55,2025-12-07,Таксі,16.82,,True,Грудень 2025
56,2025-12-07,Хімія,10.72,,True,Грудень 2025
57,2025-12-08,Продукти,34.95,,True,Грудень 2025
58,2025-12-08,Проїзд,3.91,,True,Грудень 2025
59,2025-12-08,Сигарети,25.43,,True,Грудень 2025
60,2025-12-09,Квартира,45.12,Інтернет,False,Грудень 2025
61,2025-12-09,Квартира,90.55,Вода,False,Грудень 2025
62,2025-12-09,Квартира,184.14,Світло,False,Грудень 2025
63,2025-12-09,Масаж,195.58,,False,Грудень 2025
64,2025-12-09,Продукти,49.76,лідл [обчислено з формули],True,Грудень 2025
65,2025-12-09,Проїзд,1.96,,True,Грудень 2025
66,2025-12-09,Підписки,23.2,Телефон мені,False,Грудень 2025
67,2025-12-09,Підписки,19.68,Телефон болгарський,False,Грудень 2025
68,2025-12-09,Сигарети,25.43,,True,Грудень 2025
69,2025-12-09,Таксі,13.3,,True,Грудень 2025
70,2025-12-10,Продукти,6.08,лідл [обчислено з формули],True,Грудень 2025
71,2025-12-10,Сигарети,25.43,,True,Грудень 2025
72,2025-12-10,Солодке,37.14,панетоне,True,Грудень 2025
73,2025-12-10,Хоббі,7.82,земля для вазонів,True,Грудень 2025
74,2025-12-11,Іжа в закладі,62.55,рамен з Кольою,True,Грудень 2025
75,2025-12-11,Проїзд,3.91,,True,Грудень 2025
76,2025-12-11,Сигарети,25.43,,True,Грудень 2025
77,2025-12-12,Іжа в закладі,13.69,фреш (з дівчатами),True,Грудень 2025
78,2025-12-12,Іжа на виніс,44.01,дьонер,True,Грудень 2025
79,2025-12-12,Алкоголь,31.27,,True,Грудень 2025
80,2025-12-12,Алкоголь,27.28,,True,Грудень 2025
81,2025-12-12,Продукти,41.6,,True,Грудень 2025
82,2025-12-12,Проїзд,1.96,,True,Грудень 2025
83,2025-12-12,Снеки,20.48,,True,Грудень 2025
84,2025-12-12,Таксі,13.1,,True,Грудень 2025
85,2025-12-12,Хімія,7.57,,True,Грудень 2025
86,2025-12-12,Хімія,16.7,,True,Грудень 2025
87,2025-12-13,Подорожі,3.89,снеки в поїздку,False,Грудень 2025
88,2025-12-13,Подорожі,10.74,снеки в поїздку,False,Грудень 2025
89,2025-12-13,Продукти,46.86,молоко (4шт з запасом),True,Грудень 2025
90,2025-12-13,Продукти,26.09,,True,Грудень 2025
91,2025-12-13,Продукти,12.4,,True,Грудень 2025
92,2025-12-13,Продукти,11.7,,True,Грудень 2025
93,2025-12-13,Продукти,24.62,,True,Грудень 2025
94,2025-12-13,Проїзд,3.91,,True,Грудень 2025
95,2025-12-13,Сигарети,25.43,,True,Грудень 2025
96,2025-12-13,Снеки,3.11,,True,Грудень 2025
97,2025-12-13,Снеки,3.89,,True,Грудень 2025
98,2025-12-13,Снеки,3.11,,True,Грудень 2025
99,2025-12-13,Солодке,12.3,,True,Грудень 2025
100,2025-12-13,Таксі,21.91,,True,Грудень 2025
101,2025-12-14,Іжа на виніс,9.58,берізка,True,Грудень 2025
102,2025-12-14,Іжа на виніс,25.23,берізка,True,Грудень 2025
103,2025-12-14,Іжа на виніс,-7.57,берізка,True,Грудень 2025
104,2025-12-14,Іжа на виніс,4.09,берізка,True,Грудень 2025
105,2025-12-14,Продукти,23.27,,True,Грудень 2025
106,2025-12-14,Продукти,15.63,,True,Грудень 2025
107,2025-12-14,Продукти,37.26,[обчислено з формули],True,Грудень 2025
108,2025-12-14,Сигарети,25.43,,True,Грудень 2025
109,2025-12-14,Снеки,7.8,,True,Грудень 2025
110,2025-12-14,Таксі,10.13,,True,Грудень 2025
111,2025-12-15,Продукти,4.09,,True,Грудень 2025
112,2025-12-15,Продукти,11.52,,True,Грудень 2025
113,2025-12-15,Продукти,2.15,,True,Грудень 2025
114,2025-12-15,Сигарети,25.43,,True,Грудень 2025
115,2025-12-15,Снеки,8.39,,True,Грудень 2025
116,2025-12-15,Снеки,4.87,,True,Грудень 2025
117,2025-12-15,Солодке,5.07,,True,Грудень 2025
118,2025-12-15,Солодке,13.67,,True,Грудень 2025
119,2025-12-15,Солодке,5.07,,True,Грудень 2025
120,2025-12-16,Іжа на виніс,40.09,,True,Грудень 2025
121,2025-12-16,Іжа на виніс,31.1,суші,True,Грудень 2025
122,2025-12-16,Продукти,15.63,,True,Грудень 2025
123,2025-12-16,Продукти,19.71,[обчислено з формули],True,Грудень 2025
124,2025-12-16,Сигарети,25.43,,True,Грудень 2025
125,2025-12-16,Снеки,5.67,,True,Грудень 2025
126,2025-12-16,Снеки,19.54,,True,Грудень 2025
127,2025-12-16,Солодке,10.74,,True,Грудень 2025
128,2025-12-16,Солодке,10.74,,True,Грудень 2025
129,2025-12-17,Іжа на виніс,31.7,скара,True,Грудень 2025
130,2025-12-17,Продукти,23.65,лідл,True,Грудень 2025
131,2025-12-17,Сигарети,25.43,,True,Грудень 2025
132,2025-12-18,Іжа на виніс,10.01,скара,True,Грудень 2025
133,2025-12-18,Перукар,234.7,я,False,Грудень 2025
134,2025-12-18,Продукти,2.91,лідл,True,Грудень 2025
135,2025-12-18,Продукти,13.93,лідл,True,Грудень 2025
136,2025-12-18,Продукти,14.55,лідл [обчислено з формули],True,Грудень 2025
137,2025-12-18,Проїзд,1.96,,True,Грудень 2025
138,2025-12-18,Сигарети,25.43,,True,Грудень 2025
139,2025-12-18,Таксі,11.05,,True,Грудень 2025
140,2025-12-19,Іжа на виніс,29.92,скара,True,Грудень 2025
141,2025-12-19,Перукар,107.57,Коля,False,Грудень 2025
142,2025-12-19,Подарунки,271.86,геймпад Колі і Юлі,False,Грудень 2025
143,2025-12-19,Продукти,34.54,,True,Грудень 2025
144,2025-12-19,Сигарети,25.43,,True,Грудень 2025
145,2025-12-19,Солодке,19.58,лідл,True,Грудень 2025
146,2025-12-19,Таксі,21.69,,True,Грудень 2025
147,2025-12-20,Подорожі,1.76,Кава,False,Грудень 2025
148,2025-12-20,Подорожі,1.96,Туалет,False,Грудень 2025
149,2025-12-20,Подорожі,18.85,Ярмарка,False,Грудень 2025
150,2025-12-20,Подорожі,21.1,Ярмарка,False,Грудень 2025
151,2025-12-20,Подорожі,22.63,Ярмарка,False,Грудень 2025
152,2025-12-20,Подорожі,10.54,Ярмарка,False,Грудень 2025
153,2025-12-20,Подорожі,26.38,Ярмарка,False,Грудень 2025
154,2025-12-20,Подорожі,91.57,Ярмарка,False,Грудень 2025
155,2025-12-20,Продукти,40.88,матча,True,Грудень 2025
156,2025-12-20,Продукти,11.72,,True,Грудень 2025
157,2025-12-20,Проїзд,4.5,,True,Грудень 2025
158,2025-12-20,Підписки,11.72,iCloud Коля,False,Грудень 2025
159,2025-12-20,Сигарети,63.56,,True,Грудень 2025
160,2025-12-20,Таксі,23.57,,True,Грудень 2025
161,2025-12-20,Таксі,12.81,,True,Грудень 2025
162,2025-12-20,Таксі,14.34,,True,Грудень 2025
163,2025-12-20,Хімія,18.48,,True,Грудень 2025
164,2025-12-20,Хімія,7.8,,True,Грудень 2025
165,2025-12-21,Подорожі,2.97,Туалет,False,Грудень 2025
166,2025-12-21,Продукти,56.72,,True,Грудень 2025
167,2025-12-21,Продукти,47.84,,True,Грудень 2025
168,2025-12-21,Сигарети,36.22,,True,Грудень 2025
169,2025-12-21,Снеки,10.15,,True,Грудень 2025
170,2025-12-21,Таксі,28.71,,True,Грудень 2025
171,2025-12-23,Іжа на виніс,61.08,Дьонер,True,Грудень 2025
172,2025-12-23,Іжа на виніс,21.18,,True,Грудень 2025
173,2025-12-23,Алкоголь,16.62,,True,Грудень 2025
174,2025-12-23,Подорожі,3.44,На вежі,False,Грудень 2025
175,2025-12-23,Продукти,216.31,Кауфленд,True,Грудень 2025
176,2025-12-23,Проїзд,2.62,,True,Грудень 2025
177,2025-12-23,Сигарети,27.62,,True,Грудень 2025
178,2025-12-23,Солодке,18.89,,True,Грудень 2025
179,2025-12-24,Продукти,184.9,,True,Грудень 2025
180,2025-12-24,Продукти,10.58,,True,Грудень 2025
181,2025-12-24,Сигарети,72.56,,True,Грудень 2025
182,2025-12-25,Іжа в закладі,7.55,Глінтвейн [розподілено з «потусити»],True,Грудень 2025
183,2025-12-25,Алкоголь,7.54,Глінтвейн [розподілено з «потусити»],True,Грудень 2025
184,2025-12-25,Подорожі,9.06,Магнітик,False,Грудень 2025
185,2025-12-25,Проїзд,5.24,,True,Грудень 2025
186,2025-12-25,Снеки,7.54,Глінтвейн [розподілено з «потусити»],True,Грудень 2025
187,2025-12-26,Продукти,26.58,Megaimage,True,Грудень 2025
188,2025-12-26,Продукти,12.81,Megaimage,True,Грудень 2025
189,2025-12-27,Подорожі,135.79,Печери,False,Грудень 2025
190,2025-12-27,Подорожі,42.23,Човен,False,Грудень 2025
191,2025-12-27,Подорожі,24.13,Кава,False,Грудень 2025
192,2025-12-27,Продукти,174.66,Lidl,True,Грудень 2025
193,2025-12-28,Іжа в закладі,103.27,Кіно,True,Грудень 2025
194,2025-12-28,Іжа на виніс,40.72,Дьонери,True,Грудень 2025
195,2025-12-28,Сигарети,18.09,,True,Грудень 2025
196,2025-12-28,івенти (квитки),76.57,Кіно,False,Грудень 2025
197,2025-12-29,Іжа на виніс,73.13,Бургери,True,Грудень 2025
198,2025-12-29,Продукти,46.27,DM,True,Грудень 2025
199,2025-12-29,Продукти,134.03,Carefour,True,Грудень 2025
200,2025-12-29,Підписки,23.25,телефон Коля,False,Грудень 2025
201,2025-12-29,Сигарети,72.4,,True,Грудень 2025
202,2025-12-30,Продукти,161.14,Lidl,True,Грудень 2025
203,2025-12-31,Продукти,51.24,Kaufland,True,Грудень 2025
204,2025-12-31,Підписки,2.55,iCloud 200GB мій,False,Січень 2026
205,2025-12-31,Підписки,9.8,iCloud 200GB мій,False,Грудень 2025
206,2025-12-31,Підписки,15.41,Chat GPT,False,Грудень 2025
207,2025-12-31,Сигарети,72.33,,True,Грудень 2025
208,2025-12-31,Таксі,19.81,,True,Грудень 2025
209,2026-01-01,Іжа на виніс,11.94,Суші,True,Січень 2026
210,2026-01-01,Алкоголь,6.07,Глінтвейн,True,Січень 2026
211,2026-01-01,Мама+котянчики,151.82,Мама + котянчики,False,Січень 2026
212,2026-01-01,Подорожі,60.72,Поїздка по Румунії,False,Січень 2026
213,2026-01-01,Продукти,30.36,Кауфленд,True,Січень 2026
214,2026-01-01,Таксі,3.23,,True,Січень 2026
215,2026-01-02,Іжа в закладі,15.82,Сауна [розподілено з «потусити»],True,Січень 2026
216,2026-01-02,Іжа в закладі,21.94,Кафе Палтініш,True,Січень 2026
217,2026-01-02,Алкоголь,15.81,Сауна [розподілено з «потусити»],True,Січень 2026
218,2026-01-02,Підписки,16.49,Youtube,False,Січень 2026
219,2026-01-02,Снеки,15.81,Сауна [розподілено з «потусити»],True,Січень 2026
220,2026-01-02,Таксі,5.06,,True,Січень 2026
221,2026-01-03,Іжа на виніс,11.84,Дьонери,True,Січень 2026
222,2026-01-03,Подорожі,12.15,Megaimage,False,Січень 2026
223,2026-01-03,Продукти,7.15,Lidl,True,Січень 2026
224,2026-01-03,Сигарети,9.47,,True,Січень 2026
225,2026-01-03,Таксі,2.31,,True,Січень 2026
226,2026-01-04,Іжа на виніс,2.76,Кава,True,Січень 2026
227,2026-01-04,Іжа на виніс,4.93,Їжа на АЗС,True,Січень 2026
228,2026-01-04,Подорожі,13.57,,False,Січень 2026
229,2026-01-04,Подорожі,51.26,Констанца-Варна (повернули 50.78 Є),False,Січень 2026
230,2026-01-04,Подорожі,-50.78,Констанца-Варна (повернули 50.78 Є),False,Січень 2026
231,2026-01-04,Подорожі,6.81,,False,Січень 2026
232,2026-01-04,Подорожі,14.42,Переплата за курс євро,False,Січень 2026
233,2026-01-04,Подорожі,67.06,Готель,False,Січень 2026
234,2026-01-04,Подорожі,18.0,Бухарест-Констанца,False,Січень 2026
235,2026-01-04,Подорожі,67.07,Їжа в ресторані на морі,False,Січень 2026
236,2026-01-04,Подорожі,3.33,Таксі,False,Січень 2026
237,2026-01-04,Подорожі,4.66,Таксі,False,Січень 2026
238,2026-01-04,Продукти,8.02,Mega image,True,Січень 2026
239,2026-01-04,Продукти,1.58,Вода в готелі,True,Січень 2026
240,2026-01-04,Продукти,2.24,Кауфленд,True,Січень 2026
241,2026-01-04,Сигарети,9.47,,True,Січень 2026
242,2026-01-04,Сигарети,4.73,,True,Січень 2026
243,2026-01-05,Іжа на виніс,6.08,,True,Січень 2026
244,2026-01-05,Продукти,3.06,дм молоко,True,Січень 2026
245,2026-01-05,Продукти,15.69,Lidl,True,Січень 2026
246,2026-01-05,Продукти,1.48,,True,Січень 2026
247,2026-01-05,Продукти,6.92,[обчислено з формули],True,Січень 2026
248,2026-01-05,Продукти,15.84,,True,Січень 2026
249,2026-01-05,Речі для дому,7.57,шейкер,False,Січень 2026
250,2026-01-06,Іжа на виніс,3.5,томати кручені,True,Січень 2026
251,2026-01-06,Алкоголь,9.72,,True,Січень 2026
252,2026-01-06,Квартира,15.27,Вода,False,Січень 2026
253,2026-01-06,Квартира,490.0,Оренда,False,Січень 2026
254,2026-01-06,Квартира,54.67,світло,False,Січень 2026
255,2026-01-06,Продукти,3.06,[обчислено з формули],True,Січень 2026
256,2026-01-06,Продукти,5.98,,True,Січень 2026
257,2026-01-06,Продукти,1.43,,True,Січень 2026
258,2026-01-06,Продукти,2.86,,True,Січень 2026
259,2026-01-06,Продукти,37.66,молоко і матча [обчислено з формули],True,Січень 2026
260,2026-01-06,Підписки,6.06,поповнення мобільного Олі,False,Січень 2026
261,2026-01-06,Сигарети,6.54,,True,Січень 2026
262,2026-01-06,Хімія,1.84,,True,Січень 2026
263,2026-01-06,Хімія,48.72,[обчислено з формули],True,Січень 2026
264,2026-01-07,Іжа в закладі,16.36,Рамен,True,Січень 2026
265,2026-01-07,Квартира,15.9,Жіночка,False,Січень 2026
266,2026-01-07,Проїзд,1.02,,True,Січень 2026
267,2026-01-07,Сигарети,6.64,,True,Січень 2026
268,2026-01-08,Іжа на виніс,18.17,берізка,True,Січень 2026
269,2026-01-08,Продукти,16.78,,True,Січень 2026
270,2026-01-08,Продукти,2.81,,True,Січень 2026
271,2026-01-08,Продукти,2.55,Lidl,True,Січень 2026
272,2026-01-08,Сигарети,6.54,,True,Січень 2026
273,2026-01-09,Алкоголь,5.34,,True,Січень 2026
274,2026-01-09,Масаж,55.0,,False,Січень 2026
275,2026-01-09,Продукти,9.89,Мікс маркт,True,Січень 2026
276,2026-01-09,Продукти,3.06,,True,Січень 2026
277,2026-01-09,Продукти,4.0,,True,Січень 2026
278,2026-01-09,Продукти,2.53,,True,Січень 2026
279,2026-01-09,Продукти,7.55,[обчислено з формули],True,Січень 2026
280,2026-01-09,Сигарети,6.64,,True,Січень 2026
281,2026-01-09,Снеки,4.15,,True,Січень 2026
282,2026-01-09,Снеки,4.06,[обчислено з формули],True,Січень 2026
283,2026-01-10,Одяг,6.64,плавки Колі,True,Січень 2026
284,2026-01-10,Продукти,33.15,Lidl [обчислено з формули],True,Січень 2026
285,2026-01-10,Продукти,3.04,дм,True,Січень 2026
286,2026-01-10,Солодке,7.99,торт шоколадний,True,Січень 2026
287,2026-01-10,Техніка,168.22,осушувач,False,Січень 2026
288,2026-01-11,Продукти,7.56,[обчислено з формули],True,Січень 2026
289,2026-01-11,Продукти,22.18,,True,Січень 2026
290,2026-01-11,Речі для дому,3.98,ситечко,False,Січень 2026
291,2026-01-11,Сигарети,6.64,,True,Січень 2026
292,2026-01-11,Хімія,1.48,,True,Січень 2026
293,2026-01-12,Подарунки,90.91,Мама Ніна,False,Січень 2026
294,2026-01-12,Продукти,6.34,Bio Bazar,True,Січень 2026
295,2026-01-12,Сигарети,6.64,,True,Січень 2026
296,2026-01-13,Квартира,11.79,Інтернет,False,Січень 2026
297,2026-01-13,Продукти,12.23,Lidl,True,Січень 2026
298,2026-01-13,Сигарети,6.64,,True,Січень 2026
299,2026-01-14,Алкоголь,7.12,,True,Січень 2026
300,2026-01-14,Продукти,17.9,,True,Січень 2026
301,2026-01-14,Продукти,1.17,[обчислено з формули],True,Січень 2026
302,2026-01-14,Продукти,6.62,,True,Січень 2026
303,2026-01-14,Продукти,1.78,,True,Січень 2026
304,2026-01-14,Сигарети,6.64,,True,Січень 2026
305,2026-01-14,Сигарети,3.32,,True,Січень 2026
306,2026-01-14,Снеки,1.27,,True,Січень 2026
307,2026-01-14,Снеки,1.07,,True,Січень 2026
308,2026-01-14,Снеки,4.6,,True,Січень 2026
309,2026-01-14,Снеки,4.08,,True,Січень 2026
310,2026-01-15,Іжа на виніс,4.6,дьонер,True,Січень 2026
311,2026-01-15,Алкоголь,7.12,,True,Січень 2026
312,2026-01-15,Продукти,0.46,,True,Січень 2026
313,2026-01-15,Продукти,2.04,,True,Січень 2026
314,2026-01-15,Продукти,3.01,,True,Січень 2026
315,2026-01-15,Сигарети,6.64,,True,Січень 2026
316,2026-01-15,Снеки,1.38,,True,Січень 2026
317,2026-01-15,Снеки,4.08,,True,Січень 2026
318,2026-01-16,Мама+котянчики,2.02,Котянчики,False,Січень 2026
319,2026-01-16,Подарунки,7.72,,False,Січень 2026
320,2026-01-16,Подарунки,20.0,квіти Тані і Наталі,False,Січень 2026
321,2026-01-16,Продукти,4.99,Lidl,True,Січень 2026
322,2026-01-16,Продукти,13.18,,True,Січень 2026
323,2026-01-16,Проїзд,0.51,,True,Січень 2026
324,2026-01-16,Підписки,1.59,Google диск,False,Січень 2026
325,2026-01-16,Сигарети,6.64,,True,Січень 2026
326,2026-01-16,Таксі,4.42,,True,Січень 2026
327,2026-01-17,Продукти,2.13,,True,Січень 2026
328,2026-01-17,Продукти,25.04,[обчислено з формули],True,Січень 2026
329,2026-01-17,Підписки,2.6,річна (гра питання ребром),False,Січень 2026
330,2026-01-17,Підписки,26.02,дуолінго,False,Січень 2026
331,2026-01-17,Речі для дому,6.99,фікус,False,Січень 2026
332,2026-01-17,Сигарети,6.64,,True,Січень 2026
333,2026-01-18,Іжа на виніс,6.62,,True,Січень 2026
334,2026-01-18,Продукти,2.45,,True,Січень 2026
335,2026-01-18,Сигарети,6.64,,True,Січень 2026
336,2026-01-18,Снеки,2.55,,True,Січень 2026
337,2026-01-18,Таксі,9.4,,True,Січень 2026
338,2026-01-19,Іжа на виніс,11.45,суші кауфленд,True,Січень 2026
339,2026-01-19,Медицина,4.14,,False,Січень 2026
340,2026-01-19,Продукти,21.57,кауфленд [обчислено з формули],True,Січень 2026
341,2026-01-19,Сигарети,6.64,,True,Січень 2026
342,2026-01-19,Таксі,4.41,,True,Січень 2026
343,2026-01-19,Таксі,4.5,,True,Січень 2026
344,2026-01-19,Таксі,2.8,,True,Січень 2026
345,2026-01-19,Таксі,2.37,,True,Січень 2026
346,2026-01-20,Продукти,15.07,,True,Січень 2026
347,2026-01-20,Проїзд,2.04,,True,Січень 2026
348,2026-01-20,Підписки,2.99,iCloud Коля,False,Січень 2026
349,2026-01-20,Сигарети,3.32,,True,Січень 2026
350,2026-01-21,Продукти,6.12,,True,Січень 2026
351,2026-01-21,Проїзд,0.51,,True,Січень 2026
352,2026-01-22,Масаж,50.0,,False,Січень 2026
353,2026-01-22,Продукти,3.79,[обчислено з формули],True,Січень 2026
354,2026-01-22,Сигарети,6.64,,True,Січень 2026
355,2026-01-22,Таксі,3.58,,True,Січень 2026
356,2026-01-22,Таксі,2.83,,True,Січень 2026
357,2026-01-23,Продукти,18.91,кауфленд [обчислено з формули],True,Січень 2026
358,2026-01-23,Речі для дому,4.23,лампочка,False,Січень 2026
359,2026-01-23,Сигарети,6.64,,True,Січень 2026
360,2026-01-24,Іжа на виніс,3.78,капуста з гриль,True,Січень 2026
361,2026-01-24,Алкоголь,5.34,,True,Січень 2026
362,2026-01-24,Алкоголь,7.66,,True,Січень 2026
363,2026-01-24,Подарунки,4.6,листівка Марині,False,Січень 2026
364,2026-01-24,Продукти,43.26,[обчислено з формули],True,Січень 2026
365,2026-01-24,Проїзд,1.02,,True,Січень 2026
366,2026-01-24,Речі для дому,54.99,мишка Колі,False,Січень 2026
367,2026-01-24,Речі для дому,7.86,все для вазонів [обчислено з формули],False,Січень 2026
368,2026-01-24,Сигарети,6.64,,True,Січень 2026
369,2026-01-24,Снеки,4.08,,True,Січень 2026
370,2026-01-24,Снеки,1.53,,True,Січень 2026
371,2026-01-24,Снеки,2.3,,True,Січень 2026
372,2026-01-24,Снеки,1.38,,True,Січень 2026
373,2026-01-24,Таксі,5.2,,True,Січень 2026
374,2026-01-25,Іжа в закладі,23.0,,True,Січень 2026
375,2026-01-25,Сигарети,6.64,,True,Січень 2026
376,2026-01-26,Продукти,6.02,яйця,True,Січень 2026
377,2026-01-26,Продукти,6.12,молоко,True,Січень 2026
378,2026-01-26,Продукти,13.98,[обчислено з формули],True,Січень 2026
379,2026-01-26,Сигарети,6.64,,True,Січень 2026
380,2026-01-27,Сигарети,6.64,,True,Січень 2026
381,2026-01-28,Іжа на виніс,14.31,суші,True,Січень 2026
382,2026-01-28,Іжа на виніс,10.73,суші,True,Січень 2026
383,2026-01-28,Сигарети,6.64,,True,Січень 2026
384,2026-01-28,Таксі,4.07,,True,Січень 2026
385,2026-01-29,Медицина,18.25,ашваганда,False,Січень 2026
386,2026-01-29,Продукти,0.25,,True,Січень 2026
387,2026-01-29,Продукти,24.19,,True,Січень 2026
388,2026-01-29,Продукти,10.04,,True,Січень 2026
389,2026-01-29,Сигарети,6.64,,True,Січень 2026
390,2026-01-30,Масаж,66.0,,False,Січень 2026
391,2026-01-30,Продукти,13.14,,True,Січень 2026
392,2026-01-30,Проїзд,0.51,,True,Січень 2026
393,2026-01-30,Сигарети,6.64,,True,Січень 2026
394,2026-01-30,Таксі,3.55,,True,Січень 2026
395,2026-01-31,Продукти,3.01,,True,Січень 2026
396,2026-01-31,Продукти,2.49,[обчислено з формули],True,Січень 2026
397,2026-01-31,Сигарети,3.32,,True,Січень 2026
398,2026-02-01,Продукти,15.65,[обчислено з формули],True,Лютий 2026
399,2026-02-01,Продукти,3.06,,True,Лютий 2026
400,2026-02-01,Продукти,20.01,,True,Лютий 2026
401,2026-02-01,Підписки,16.49,Youtube,False,Лютий 2026
402,2026-02-01,Сигарети,6.64,,True,Лютий 2026
403,2026-02-01,Хімія,10.17,[обчислено з формули],True,Лютий 2026
404,2026-02-01,івенти (квитки),35.0,Candlelight у березні,False,Лютий 2026
405,2026-02-01,івенти (квитки),0.66,такса за банківський перевод Альоні,False,Лютий 2026
406,2026-02-02,Квартира,17.84,Вода,False,Лютий 2026
407,2026-02-02,Квартира,55.66,Світло,False,Лютий 2026
408,2026-02-02,Квартира,14.21,жіночка,False,Лютий 2026
409,2026-02-02,Мама+котянчики,158.19,,False,Лютий 2026
410,2026-02-02,Одяг,2.55,,True,Лютий 2026
411,2026-02-02,Подарунки,506.37,Екофлоу,False,Лютий 2026
412,2026-02-02,Подарунки,-285.27,Екофлоу,False,Лютий 2026
413,2026-02-02,Продукти,10.82,,True,Лютий 2026
414,2026-02-02,Продукти,11.34,[обчислено з формули],True,Лютий 2026
415,2026-02-03,Масаж,50.0,,False,Лютий 2026
416,2026-02-03,Перукар,32.0,,False,Лютий 2026
417,2026-02-03,Продукти,3.01,,True,Лютий 2026
418,2026-02-03,Проїзд,1.02,,True,Лютий 2026
419,2026-02-03,Підписки,5.91,мій телефон,False,Лютий 2026
420,2026-02-03,Сигарети,6.64,,True,Лютий 2026
421,2026-02-03,Таксі,2.57,,True,Лютий 2026
422,2026-02-04,Продукти,24.6,,True,Лютий 2026
423,2026-02-04,Сигарети,6.64,,True,Лютий 2026
424,2026-02-05,Квартира,490.0,Оренда,False,Лютий 2026
425,2026-02-05,Подарунки,3.95,збір Леночка,False,Лютий 2026
426,2026-02-05,Продукти,7.57,,True,Лютий 2026
427,2026-02-05,Продукти,1.43,,True,Лютий 2026
428,2026-02-05,Сигарети,6.64,,True,Лютий 2026
429,2026-02-06,Іжа в закладі,2.5,,True,Лютий 2026
430,2026-02-06,Іжа на виніс,1.71,капуста,True,Лютий 2026
431,2026-02-06,Продукти,1.0,Вода в залі,True,Лютий 2026
432,2026-02-06,Продукти,2.48,,True,Лютий 2026
433,2026-02-06,Продукти,29.71,казеїн,True,Лютий 2026
434,2026-02-06,Речі для дому,6.37,,False,Лютий 2026
435,2026-02-06,Сигарети,6.64,,True,Лютий 2026
436,2026-02-06,Таксі,2.5,,True,Лютий 2026
437,2026-02-06,Таксі,4.3,,True,Лютий 2026
438,2026-02-07,Іжа в закладі,9.62,,True,Лютий 2026
439,2026-02-07,Подарунки,36.22,квиток Марині,False,Лютий 2026
440,2026-02-07,Продукти,5.05,,True,Лютий 2026
441,2026-02-07,Сигарети,6.64,,True,Лютий 2026
442,2026-02-07,Таксі,3.63,,True,Лютий 2026
443,2026-02-08,iherb,119.1,,True,Лютий 2026
444,2026-02-08,Продукти,12.88,,True,Лютий 2026
445,2026-02-08,Підписки,2.54,мій iCloud,False,Лютий 2026
446,2026-02-09,Іжа на виніс,2.55,салат вітаміна,True,Лютий 2026
447,2026-02-09,Медицина,5.11,,False,Лютий 2026
448,2026-02-09,Продукти,20.85,[обчислено з формули],True,Лютий 2026
449,2026-02-09,Продукти,16.74,[обчислено з формули],True,Лютий 2026
450,2026-02-09,Підписки,5.74,Мобільний Коля,False,Лютий 2026
451,2026-02-09,Речі для дому,10.22,"вакууматор, форма для хліба, землі для орхідей",False,Лютий 2026
452,2026-02-09,Речі для дому,1.78,"вакууматор, форма для хліба, землі для орхідей",False,Лютий 2026
453,2026-02-09,Речі для дому,2.8,"вакууматор, форма для хліба, землі для орхідей",False,Лютий 2026
454,2026-02-10,Масаж,50.0,,False,Лютий 2026
455,2026-02-10,Проїзд,0.51,,True,Лютий 2026
456,2026-02-10,Таксі,3.5,,True,Лютий 2026
457,2026-02-10,Таксі,5.15,,True,Лютий 2026
458,2026-02-11,Квартира,11.79,Інтернет,False,Лютий 2026
459,2026-02-11,Продукти,6.99,[обчислено з формули],True,Лютий 2026
460,2026-02-11,Продукти,7.66,,True,Лютий 2026
461,2026-02-11,Сигарети,6.64,,True,Лютий 2026
462,2026-02-11,Солодке,3.88,,True,Лютий 2026
463,2026-02-12,Перукар,75.0,,False,Лютий 2026
464,2026-02-12,Продукти,6.12,,True,Лютий 2026
465,2026-02-12,Сигарети,3.32,,True,Лютий 2026
466,2026-02-13,Іжа на виніс,9.2,Дьонер,True,Лютий 2026
467,2026-02-13,Продукти,18.21,,True,Лютий 2026
468,2026-02-13,Сигарети,6.64,,True,Лютий 2026
469,2026-02-14,Іжа на виніс,33.63,Заказ Їжі,True,Лютий 2026
470,2026-02-14,Іжа на виніс,24.28,Суші,True,Лютий 2026
471,2026-02-14,Продукти,3.01,Лідл,True,Лютий 2026
472,2026-02-14,Підписки,1.57,Гугл диск,False,Лютий 2026
473,2026-02-14,Сигарети,6.64,,True,Лютий 2026
474,2026-02-14,Снеки,6.64,,True,Лютий 2026
475,2026-02-14,Солодке,8.68,Тортики,True,Лютий 2026
476,2026-02-15,Іжа на виніс,27.07,,True,Лютий 2026
477,2026-02-15,Одяг,71.0,теплі кроси Колі,True,Лютий 2026
478,2026-02-15,Продукти,2.55,,True,Лютий 2026
479,2026-02-15,Підписки,5.93,гра питання ребром,False,Лютий 2026
480,2026-02-15,Сигарети,6.64,,True,Лютий 2026
481,2026-02-15,Таксі,3.62,,True,Лютий 2026
482,2026-02-15,Техніка,319.9,Телевізор,False,Лютий 2026
483,2026-02-15,Хімія,1.53,,True,Лютий 2026
484,2026-02-16,Продукти,17.41,,True,Лютий 2026
485,2026-02-16,Підписки,5.03,Мобільний БГ,False,Лютий 2026
486,2026-02-16,Сигарети,6.64,,True,Лютий 2026
487,2026-02-17,Продукти,1.02,,True,Лютий 2026
488,2026-02-17,Продукти,2.55,,True,Лютий 2026
489,2026-02-17,Продукти,1.94,,True,Лютий 2026
490,2026-02-17,Сигарети,6.64,,True,Лютий 2026
491,2026-02-18,Продукти,3.02,яйця,True,Лютий 2026
492,2026-02-18,Сигарети,6.64,,True,Лютий 2026
493,2026-02-19,Іжа на виніс,10.19,,True,Лютий 2026
494,2026-02-19,Іжа на виніс,5.98,,True,Лютий 2026
495,2026-02-19,Іжа на виніс,2.7,,True,Лютий 2026
496,2026-02-19,Продукти,9.82,[обчислено з формули],True,Лютий 2026
497,2026-02-19,Продукти,38.76,[обчислено з формули],True,Лютий 2026
498,2026-02-19,Сигарети,6.64,,True,Лютий 2026
499,2026-02-19,Солодке,2.04,,True,Лютий 2026
500,2026-02-20,Алкоголь,1.78,,True,Лютий 2026
501,2026-02-20,Продукти,3.06,,True,Лютий 2026
502,2026-02-20,Підписки,2.99,Коля icloud,False,Лютий 2026
503,2026-02-20,Сигарети,6.64,,True,Лютий 2026
504,2026-02-20,Снеки,1.27,,True,Лютий 2026
505,2026-02-20,Снеки,4.08,,True,Лютий 2026
506,2026-02-20,Снеки,2.5,,True,Лютий 2026
507,2026-02-20,Снеки,2.49,,True,Лютий 2026
508,2026-02-20,Солодке,2.04,,True,Лютий 2026
509,2026-02-21,Іжа в закладі,15.11,,True,Лютий 2026
510,2026-02-21,Проїзд,2.04,,True,Лютий 2026
511,2026-02-21,Речі для дому,15.83,,False,Лютий 2026
512,2026-02-21,Сигарети,6.64,,True,Лютий 2026
513,2026-02-21,Хімія,1.02,,True,Лютий 2026
514,2026-02-22,Іжа в закладі,12.18,,True,Лютий 2026
515,2026-02-22,Медицина,12.73,,False,Лютий 2026
516,2026-02-22,Медицина,16.82,,False,Лютий 2026
517,2026-02-22,Продукти,17.64,,True,Лютий 2026
518,2026-02-22,Продукти,3.06,,True,Лютий 2026
519,2026-02-22,Продукти,13.06,,True,Лютий 2026
520,2026-02-22,Проїзд,1.02,,True,Лютий 2026
521,2026-02-22,Сигарети,6.64,,True,Лютий 2026
522,2026-02-22,Техніка,30.67,Кабель + наушники,False,Лютий 2026
523,2026-02-22,Хімія,5.95,,True,Лютий 2026
524,2026-02-23,Одяг,21.42,ліфони,True,Лютий 2026
525,2026-02-23,Продукти,7.44,,True,Лютий 2026
526,2026-02-23,Продукти,3.01,,True,Лютий 2026
527,2026-02-23,Підписки,20.5,Coursera,False,Лютий 2026
528,2026-02-23,Речі для дому,118.34,,False,Лютий 2026
529,2026-02-23,Речі для дому,12.79,,False,Лютий 2026
530,2026-02-23,Речі для дому,7.35,,False,Лютий 2026
531,2026-02-23,Речі для дому,29.46,все для вазонів,False,Лютий 2026
532,2026-02-23,Сигарети,6.64,,True,Лютий 2026
533,2026-02-24,Іжа в закладі,15.0,,True,Лютий 2026
534,2026-02-24,Масаж,50.0,,False,Лютий 2026
535,2026-02-24,Підписки,4.54,Такса за банківську карту,False,Лютий 2026
536,2026-02-24,Сигарети,6.64,,True,Лютий 2026
537,2026-02-24,Таксі,4.79,,True,Лютий 2026
538,2026-02-24,Таксі,4.11,,True,Лютий 2026
539,2026-02-25,Подарунки,0.65,Друк білета,False,Лютий 2026
540,2026-02-25,Продукти,7.41,,True,Лютий 2026
541,2026-02-25,Продукти,0.64,,True,Лютий 2026
542,2026-02-25,Сигарети,6.64,,True,Лютий 2026
543,2026-02-26,Мама+котянчики,1.63,,False,Лютий 2026
544,2026-02-26,Продукти,45.08,,True,Лютий 2026
545,2026-02-26,Сигарети,6.64,,True,Лютий 2026
546,2026-02-26,Хімія,17.84,,True,Лютий 2026
547,2026-02-27,iherb,111.52,,True,Лютий 2026
548,2026-02-27,Продукти,12.55,,True,Лютий 2026
549,2026-02-27,Продукти,1.59,,True,Лютий 2026
550,2026-02-27,Продукти,62.99,,True,Лютий 2026
551,2026-02-27,Речі для дому,2.55,Шейкер,False,Лютий 2026
552,2026-02-27,Сигарети,6.64,,True,Лютий 2026
553,2026-02-28,Подарунки,20.0,Квіти Марині,False,Лютий 2026
554,2026-02-28,Подарунки,0.51,,False,Лютий 2026
555,2026-02-28,Продукти,3.06,,True,Лютий 2026
556,2026-02-28,Продукти,8.28,,True,Лютий 2026
557,2026-02-28,Продукти,-0.51,,True,Лютий 2026
558,2026-02-28,Сигарети,6.64,,True,Лютий 2026
559,2026-03-01,Іжа в закладі,2.2,Чай,True,Березень 2026
560,2026-03-01,Подарунки,0.51,,False,Березень 2026
561,2026-03-01,Продукти,2.09,,True,Березень 2026
562,2026-03-01,Продукти,17.49,,True,Березень 2026
563,2026-03-01,Речі для дому,15.0,,False,Березень 2026
564,2026-03-01,Сигарети,7.0,,True,Березень 2026
565,2026-03-01,Таксі,2.58,,True,Березень 2026
566,2026-03-01,Таксі,3.43,,True,Березень 2026
567,2026-03-02,Продукти,3.01,,True,Березень 2026
568,2026-03-02,Продукти,3.57,,True,Березень 2026
569,2026-03-02,Продукти,1.78,,True,Березень 2026
570,2026-03-02,Продукти,1.78,,True,Березень 2026
571,2026-03-02,Сигарети,7.0,,True,Березень 2026
572,2026-03-02,Хоббі,1.53,квіти,True,Березень 2026
573,2026-03-02,Хоббі,1.04,квіти,True,Березень 2026
574,2026-03-02,Хоббі,2.04,квіти,True,Березень 2026
575,2026-03-02,Хоббі,5.62,квіти,True,Березень 2026
576,2026-03-02,Хоббі,2.29,квіти,True,Березень 2026
577,2026-03-02,Хоббі,2.55,квіти,True,Березень 2026
578,2026-03-02,Хоббі,3.57,квіти,True,Березень 2026
579,2026-03-02,Хоббі,2.55,квіти,True,Березень 2026
580,2026-03-02,Хімія,5.11,,True,Березень 2026
581,2026-03-03,Мама+котянчики,159.29,,False,Березень 2026
582,2026-03-03,Масаж,50.0,,False,Березень 2026
583,2026-03-03,Продукти,11.77,,True,Березень 2026
584,2026-03-03,Проїзд,1.02,,True,Березень 2026
585,2026-03-03,Підписки,5.91,мій телефон,False,Березень 2026
586,2026-03-03,Сигарети,7.0,,True,Березень 2026
587,2026-03-03,Хоббі,11.0,,True,Березень 2026
588,2026-03-03,Хоббі,1.5,,True,Березень 2026
589,2026-03-04,Продукти,8.69,,True,Березень 2026
590,2026-03-04,Продукти,0.4,,True,Березень 2026
591,2026-03-04,Сигарети,7.0,,True,Березень 2026
592,2026-03-05,Іжа в закладі,13.59,,True,Березень 2026
593,2026-03-05,Квартира,93.82,Світло,False,Березень 2026
594,2026-03-05,Квартира,21.85,Вода,False,Березень 2026
595,2026-03-05,Квартира,14.1,Жіночка,False,Березень 2026
596,2026-03-05,Квартира,485.0,Оренда,False,Березень 2026
597,2026-03-05,Продукти,11.2,,True,Березень 2026
598,2026-03-05,Сигарети,7.0,,True,Березень 2026
599,2026-03-06,Медицина,8.5,,False,Березень 2026
600,2026-03-06,Перукар,32.0,,False,Березень 2026
601,2026-03-06,Подарунки,24.66,Квіти мамам на 8 березня,False,Березень 2026
602,2026-03-06,Продукти,2.38,,True,Березень 2026
603,2026-03-06,Продукти,3.75,,True,Березень 2026
604,2026-03-06,Продукти,4.69,,True,Березень 2026
605,2026-03-06,Сигарети,7.0,,True,Березень 2026
606,2026-03-06,Солодке,4.54,,True,Березень 2026
607,2026-03-07,Іжа в закладі,6.0,,True,Березень 2026
608,2026-03-07,Продукти,3.99,,True,Березень 2026
609,2026-03-07,Продукти,2.91,,True,Березень 2026
610,2026-03-07,Продукти,22.48,,True,Березень 2026
611,2026-03-07,Проїзд,1.02,,True,Березень 2026
612,2026-03-07,Сигарети,6.64,,True,Березень 2026
613,2026-03-08,Іжа в закладі,27.0,,True,Березень 2026
614,2026-03-08,Продукти,3.06,,True,Березень 2026
615,2026-03-08,Сигарети,6.64,,True,Березень 2026
616,2026-03-08,Таксі,2.48,,True,Березень 2026
617,2026-03-09,Одяг,11.71,,True,Березень 2026
618,2026-03-09,Продукти,18.63,[обчислено з формули],True,Березень 2026
619,2026-03-09,Підписки,5.76,Телефон Колі,False,Березень 2026
620,2026-03-09,Сигарети,6.64,,True,Березень 2026
621,2026-03-10,Масаж,50.0,,False,Березень 2026
622,2026-03-10,Продукти,19.66,,True,Березень 2026
623,2026-03-10,Проїзд,0.51,,True,Березень 2026
624,2026-03-10,Сигарети,6.64,,True,Березень 2026
625,2026-03-10,Таксі,4.5,,True,Березень 2026
626,2026-03-10,Таксі,2.73,,True,Березень 2026
627,2026-03-11,Медицина,40.0,медична довідка на роботу,False,Березень 2026
628,2026-03-11,Продукти,2.72,,True,Березень 2026
629,2026-03-11,Проїзд,1.02,,True,Березень 2026
630,2026-03-11,Сигарети,6.64,,True,Березень 2026
631,2026-03-11,Таксі,8.82,,True,Березень 2026
632,2026-03-12,Продукти,4.42,,True,Березень 2026
633,2026-03-12,Продукти,4.08,,True,Березень 2026
634,2026-03-12,Сигарети,7.0,,True,Березень 2026
635,2026-03-12,Солодке,1.97,,True,Березень 2026
636,2026-03-13,Іжа на виніс,15.66,[обчислено з формули],True,Березень 2026
637,2026-03-13,Сигарети,7.0,,True,Березень 2026
638,2026-03-13,Солодке,1.99,,True,Березень 2026
639,2026-03-13,Солодке,1.99,,True,Березень 2026
640,2026-03-14,Одяг,11.71,,True,Березень 2026
641,2026-03-14,Продукти,3.01,,True,Березень 2026
642,2026-03-14,Продукти,2.04,,True,Березень 2026
643,2026-03-14,Продукти,3.06,,True,Березень 2026
644,2026-03-14,Продукти,1.43,,True,Березень 2026
645,2026-03-14,Продукти,3.06,,True,Березень 2026
646,2026-03-14,Продукти,4.7,,True,Березень 2026
647,2026-03-14,Продукти,9.1,,True,Березень 2026
648,2026-03-14,Сигарети,7.0,,True,Березень 2026
649,2026-03-14,Солодке,0.98,,True,Березень 2026
650,2026-03-14,Солодке,2.04,,True,Березень 2026
651,2026-03-14,Солодке,2.29,,True,Березень 2026
652,2026-03-14,Солодке,3.29,,True,Березень 2026
653,2026-03-14,Солодке,2.06,,True,Березень 2026
654,2026-03-14,Солодке,2.06,,True,Березень 2026
655,2026-03-15,Іжа в закладі,26.84,,True,Березень 2026
656,2026-03-15,Іжа в закладі,6.13,,True,Березень 2026
657,2026-03-15,Проїзд,1.02,,True,Березень 2026
658,2026-03-15,Підписки,1.58,Гугл диск,False,Березень 2026
659,2026-03-15,Сигарети,7.0,,True,Березень 2026
660,2026-03-15,Солодке,0.98,,True,Березень 2026
661,2026-03-16,Іжа на виніс,3.9,,True,Березень 2026
662,2026-03-16,Продукти,3.01,,True,Березень 2026
663,2026-03-16,Продукти,2.03,,True,Березень 2026
664,2026-03-16,Продукти,13.61,,True,Березень 2026
665,2026-03-16,Солодке,0.49,,True,Березень 2026
666,2026-03-16,Солодке,1.99,,True,Березень 2026
667,2026-03-16,Солодке,3.29,,True,Березень 2026
668,2026-03-17,Квартира,11.79,Інтернет,False,Березень 2026
669,2026-03-17,Продукти,7.44,,True,Березень 2026
670,2026-03-17,Продукти,55.17,Казеїн,True,Березень 2026
671,2026-03-18,Продукти,14.97,,True,Березень 2026
672,2026-03-18,Продукти,-3.29,,True,Березень 2026
673,2026-03-18,Продукти,11.71,,True,Березень 2026
674,2026-03-18,Сигарети,7.0,,True,Березень 2026
675,2026-03-18,Солодке,3.29,,True,Березень 2026
676,2026-03-18,Солодке,1.99,,True,Березень 2026
677,2026-03-19,Продукти,4.39,,True,Березень 2026
678,2026-03-19,Продукти,11.16,,True,Березень 2026
679,2026-03-19,Сигарети,7.0,,True,Березень 2026
680,2026-03-19,Снеки,6.51,,True,Березень 2026
681,2026-03-20,Масаж,52.0,,False,Березень 2026
682,2026-03-20,Подарунки,10.0,Телефон відправили,False,Березень 2026
683,2026-03-20,Продукти,17.41,,True,Березень 2026
684,2026-03-20,Продукти,1.83,,True,Березень 2026
685,2026-03-20,Проїзд,1.02,,True,Березень 2026
686,2026-03-20,Проїзд,0.51,,True,Березень 2026
687,2026-03-20,Сигарети,7.0,,True,Березень 2026
688,2026-03-21,Алкоголь,6.12,,True,Березень 2026
689,2026-03-21,Продукти,3.06,,True,Березень 2026
690,2026-03-21,Продукти,3.16,,True,Березень 2026
691,2026-03-21,Продукти,2.55,,True,Березень 2026
692,2026-03-21,Продукти,12.83,,True,Березень 2026
693,2026-03-21,Продукти,10.94,,True,Березень 2026
694,2026-03-21,Речі для дому,2.87,,False,Березень 2026
695,2026-03-21,Речі для дому,12.78,,False,Березень 2026
696,2026-03-21,Сигарети,7.0,,True,Березень 2026
697,2026-03-22,Продукти,6.07,,True,Березень 2026
698,2026-03-22,Продукти,34.97,,True,Березень 2026
699,2026-03-22,Сигарети,7.0,,True,Березень 2026
700,2026-03-23,Одяг,2.55,,True,Березень 2026
701,2026-03-23,Продукти,15.85,,True,Березень 2026
702,2026-03-23,Продукти,3.02,,True,Березень 2026
703,2026-03-23,Підписки,5.03,Болгарський телефон,False,Березень 2026
704,2026-03-23,Речі для дому,3.06,Олівці,False,Березень 2026
705,2026-03-23,Речі для дому,6.1,Роздрукіа договору,False,Березень 2026
706,2026-03-23,Сигарети,7.0,,True,Березень 2026
707,2026-03-23,Солодке,1.99,,True,Березень 2026
708,2026-03-24,Сигарети,7.0,,True,Березень 2026
709,2026-03-25,iherb,89.35,,True,Березень 2026
710,2026-03-25,Масаж,60.0,,False,Березень 2026
711,2026-03-25,Продукти,19.22,,True,Березень 2026
712,2026-03-25,Продукти,3.06,,True,Березень 2026
713,2026-03-25,Проїзд,1.02,,True,Березень 2026
714,2026-03-25,Сигарети,7.0,,True,Березень 2026
715,2026-03-25,Сигарети,7.0,,True,Березень 2026
716,2026-03-26,Іжа в закладі,18.36,Рамен,True,Березень 2026
717,2026-03-26,Проїзд,1.02,,True,Березень 2026
718,2026-03-26,Сигарети,7.0,,True,Березень 2026
719,2026-03-26,івенти (квитки),41.3,Білети на концерт,False,Березень 2026
720,2026-03-27,Продукти,14.14,,True,Березень 2026
721,2026-03-27,Продукти,2.95,,True,Березень 2026
722,2026-03-27,Підписки,4.54,Такса банк,False,Березень 2026
723,2026-03-27,Підписки,2.99,iCloud,False,Березень 2026
724,2026-03-27,Підписки,2.54,iCloud,False,Березень 2026
725,2026-03-27,Підписки,16.49,Youtube,False,Березень 2026
726,2026-03-27,Сигарети,7.0,,True,Березень 2026
727,2026-03-27,Снеки,10.18,,True,Березень 2026
728,2026-03-28,Продукти,26.3,,True,Березень 2026
729,2026-03-28,Сигарети,7.0,,True,Березень 2026
730,2026-03-28,Солодке,3.49,,True,Березень 2026
731,2026-03-29,Іжа в закладі,7.9,,True,Березень 2026
732,2026-03-29,Іжа в закладі,5.7,,True,Березень 2026
733,2026-03-29,Іжа в закладі,8.0,,True,Березень 2026
734,2026-03-29,Іжа в закладі,0.4,,True,Березень 2026
735,2026-03-29,Проїзд,0.51,,True,Березень 2026
736,2026-03-29,Сигарети,7.0,,True,Березень 2026
737,2026-03-29,Таксі,3.29,,True,Березень 2026
738,2026-03-30,Іжа на виніс,10.0,Дьонер,True,Березень 2026
739,2026-03-30,Подарунки,39.68,Злата,False,Березень 2026
740,2026-03-30,Продукти,8.55,,True,Березень 2026
741,2026-03-30,Продукти,2.04,,True,Березень 2026
742,2026-03-30,Продукти,7.63,,True,Березень 2026
743,2026-03-30,Проїзд,0.51,,True,Березень 2026
744,2026-03-31,Іжа на виніс,6.5,Дьонер,True,Березень 2026
745,2026-03-31,Масаж,52.0,,False,Березень 2026
746,2026-03-31,Продукти,9.54,,True,Березень 2026
747,2026-03-31,Проїзд,1.02,,True,Березень 2026
748,2026-03-31,Підписки,5.95,Телефон Оля,False,Березень 2026
749,2026-03-31,Сигарети,7.0,,True,Березень 2026
750,2026-04-01,Іжа на виніс,6.13,Суші кауфленд,True,Квітень 2026
751,2026-04-01,Квартира,18.99,Жіночка,False,Квітень 2026
752,2026-04-01,Мама+котянчики,158.73,,False,Квітень 2026
753,2026-04-01,Подарунки,39.68,Мамі ДН,False,Квітень 2026
754,2026-04-01,Продукти,27.07,,True,Квітень 2026
755,2026-04-01,Підписки,16.49,Ютуб,False,Квітень 2026
756,2026-04-01,Речі для дому,16.35,Фільтри для води,False,Квітень 2026
757,2026-04-01,Сигарети,7.0,,True,Квітень 2026
758,2026-04-01,Солодке,1.69,,True,Квітень 2026
759,2026-04-01,Хімія,9.34,,True,Квітень 2026
760,2026-04-02,Квартира,75.46,Світло,False,Квітень 2026
761,2026-04-02,Квартира,21.84,Вода,False,Квітень 2026
762,2026-04-02,Продукти,4.44,,True,Квітень 2026
763,2026-04-02,Продукти,10.62,,True,Квітень 2026
764,2026-04-02,Продукти,3.1,,True,Квітень 2026
765,2026-04-02,Сигарети,7.0,,True,Квітень 2026
766,2026-04-02,Солодке,5.78,,True,Квітень 2026
767,2026-04-03,Іжа на виніс,8.18,,True,Квітень 2026
768,2026-04-03,Подарунки,7.49,Мамі чохли,False,Квітень 2026
769,2026-04-03,Продукти,3.22,,True,Квітень 2026
770,2026-04-03,Продукти,7.29,,True,Квітень 2026
771,2026-04-03,Продукти,11.33,,True,Квітень 2026
772,2026-04-03,Продукти,3.06,,True,Квітень 2026
773,2026-04-03,Речі для дому,10.09,Тему,False,Квітень 2026
774,2026-04-03,Сигарети,7.0,,True,Квітень 2026
775,2026-04-04,Іжа в закладі,4.3,,True,Квітень 2026
776,2026-04-04,Іжа в закладі,8.0,,True,Квітень 2026
777,2026-04-04,Перукар,32.0,,False,Квітень 2026
778,2026-04-04,Продукти,6.61,,True,Квітень 2026
779,2026-04-04,Продукти,14.18,,True,Квітень 2026
780,2026-04-04,Проїзд,0.51,,True,Квітень 2026
781,2026-04-04,Сигарети,7.0,,True,Квітень 2026
782,2026-04-04,Спорт,5.5,,False,Квітень 2026
783,2026-04-05,Іжа в закладі,39.2,,True,Квітень 2026
784,2026-04-05,Продукти,7.91,,True,Квітень 2026
785,2026-04-05,Продукти,1.84,,True,Квітень 2026
786,2026-04-05,Проїзд,1.02,,True,Квітень 2026
787,2026-04-05,Підписки,2.6,iCloud Оля,False,Квітень 2026
788,2026-04-05,Підписки,5.65,Телефон Коля,False,Квітень 2026
789,2026-04-05,Сигарети,7.0,,True,Квітень 2026
790,2026-04-06,Іжа в закладі,8.8,,True,Квітень 2026
791,2026-04-06,Іжа в закладі,1.02,,True,Квітень 2026
792,2026-04-06,Медицина,11.16,Nurofen,False,Квітень 2026
793,2026-04-06,Продукти,2.89,,True,Квітень 2026
794,2026-04-06,Продукти,1.84,,True,Квітень 2026
795,2026-04-06,Продукти,11.56,,True,Квітень 2026
796,2026-04-06,Речі для дому,3.0,Попільничка + форми для запікання,False,Квітень 2026
797,2026-04-06,Речі для дому,2.89,Попільничка + форми для запікання,False,Квітень 2026
798,2026-04-06,Сигарети,7.0,,True,Квітень 2026
799,2026-04-06,Солодке,3.5,,True,Квітень 2026
800,2026-04-06,Таксі,3.72,,True,Квітень 2026
801,2026-04-07,Алкоголь,5.34,,True,Квітень 2026
802,2026-04-07,Продукти,1.04,,True,Квітень 2026
803,2026-04-07,Продукти,3.57,,True,Квітень 2026
804,2026-04-07,Речі для дому,2.55,Качалка,False,Квітень 2026
805,2026-04-07,Сигарети,7.0,,True,Квітень 2026
806,2026-04-07,Снеки,7.91,,True,Квітень 2026
807,2026-04-07,Хоббі,7.92,Фарби для писанок,True,Квітень 2026
808,2026-04-08,iherb,115.14,,True,Квітень 2026
809,2026-04-08,Алкоголь,1.78,,True,Квітень 2026
810,2026-04-08,Квартира,485.0,Оренда,False,Квітень 2026
811,2026-04-08,Квартира,11.79,Інтернет,False,Квітень 2026
812,2026-04-08,Продукти,13.25,,True,Квітень 2026
813,2026-04-08,Продукти,1.27,,True,Квітень 2026
814,2026-04-08,Сигарети,7.0,,True,Квітень 2026
815,2026-04-08,Снеки,2.04,,True,Квітень 2026
816,2026-04-08,Солодке,3.32,,True,Квітень 2026
817,2026-04-09,Іжа на виніс,11.4,Бургери,True,Квітень 2026
818,2026-04-09,Мама+котянчики,10.15,,False,Квітень 2026
819,2026-04-09,Сигарети,7.0,,True,Квітень 2026
820,2026-04-10,Іжа на виніс,10.0,,True,Квітень 2026
821,2026-04-10,Продукти,11.0,,True,Квітень 2026
822,2026-04-10,Речі для дому,3.57,Лампочки,False,Квітень 2026
823,2026-04-10,Сигарети,7.0,,True,Квітень 2026
824,2026-04-10,Таксі,2.86,,True,Квітень 2026
825,2026-04-11,Алкоголь,7.66,,True,Квітень 2026
826,2026-04-11,Алкоголь,3.81,,True,Квітень 2026
827,2026-04-11,Продукти,6.62,,True,Квітень 2026
828,2026-04-11,Продукти,1.27,,True,Квітень 2026
829,2026-04-11,Продукти,4.24,,True,Квітень 2026
830,2026-04-11,Продукти,3.22,,True,Квітень 2026
831,2026-04-11,Продукти,23.19,,True,Квітень 2026
832,2026-04-11,Продукти,12.17,,True,Квітень 2026
833,2026-04-11,Продукти,6.5,,True,Квітень 2026
834,2026-04-11,Продукти,1.11,,True,Квітень 2026
835,2026-04-11,Продукти,2.6,,True,Квітень 2026
836,2026-04-11,Продукти,3.06,,True,Квітень 2026
837,2026-04-11,Речі для дому,4.0,Форми для пасочок,False,Квітень 2026
838,2026-04-11,Речі для дому,4.08,Форми для пасочок,False,Квітень 2026
839,2026-04-11,Речі для дому,3.88,Форми для пасочок,False,Квітень 2026
840,2026-04-11,Сигарети,7.0,,True,Квітень 2026
841,2026-04-11,Снеки,4.72,,True,Квітень 2026
842,2026-04-11,Солодке,2.45,,True,Квітень 2026
843,2026-04-11,Солодке,4.49,,True,Квітень 2026
844,2026-04-11,Хімія,3.06,,True,Квітень 2026
845,2026-04-12,Алкоголь,3.06,,True,Квітень 2026
846,2026-04-12,Таксі,5.0,Таксі Наталя,True,Квітень 2026
847,2026-04-13,Іжа в закладі,15.0,,True,Квітень 2026
848,2026-04-13,Проїзд,1.02,,True,Квітень 2026
849,2026-04-13,Сигарети,7.0,,True,Квітень 2026
850,2026-04-14,Масаж,52.0,,False,Квітень 2026
851,2026-04-14,Продукти,23.86,,True,Квітень 2026
852,2026-04-14,Продукти,12.77,,True,Квітень 2026
853,2026-04-14,Проїзд,0.51,,True,Квітень 2026
854,2026-04-14,Сигарети,7.0,,True,Квітень 2026
855,2026-04-15,Продукти,11.49,,True,Квітень 2026
856,2026-04-15,Підписки,1.56,Google диск,False,Квітень 2026
857,2026-04-15,Сигарети,7.0,,True,Квітень 2026
858,2026-04-15,Спорт,5.5,,False,Квітень 2026
859,2026-04-16,Продукти,7.0,,True,Квітень 2026
860,2026-04-16,Продукти,8.77,,True,Квітень 2026
861,2026-04-16,Продукти,22.45,,True,Квітень 2026
862,2026-04-16,Сигарети,7.0,,True,Квітень 2026
863,2026-04-16,Хімія,39.99,,True,Квітень 2026
864,2026-04-17,Сигарети,7.0,,True,Квітень 2026
865,2026-04-18,Іжа на виніс,6.1,,True,Квітень 2026
866,2026-04-18,Одяг,4.59,,True,Квітень 2026
867,2026-04-18,Продукти,12.3,,True,Квітень 2026
868,2026-04-18,Продукти,11.64,,True,Квітень 2026
869,2026-04-18,Речі для дому,158.94,Окуляри,False,Квітень 2026
870,2026-04-18,Сигарети,7.0,,True,Квітень 2026
871,2026-04-18,Таксі,3.61,,True,Квітень 2026
872,2026-04-18,Техніка,259.98,Apple trackpad and keyboard,False,Квітень 2026
873,2026-04-19,Іжа на виніс,7.36,,True,Квітень 2026
874,2026-04-19,Алкоголь,8.68,,True,Квітень 2026
875,2026-04-19,Продукти,7.33,,True,Квітень 2026
876,2026-04-19,Сигарети,7.0,,True,Квітень 2026
877,2026-04-19,Спорт,5.5,,False,Квітень 2026
878,2026-04-19,Таксі,2.52,,True,Квітень 2026
879,2026-04-19,Хоббі,13.0,,True,Квітень 2026
880,2026-04-20,Продукти,25.5,,True,Квітень 2026
881,2026-04-20,Продукти,-2.38,,True,Квітень 2026
882,2026-04-20,Продукти,-0.61,,True,Квітень 2026
883,2026-04-20,Підписки,2.99,iCloud Коля,False,Квітень 2026
884,2026-04-20,Снеки,2.38,,True,Квітень 2026
885,2026-04-20,Солодке,0.61,,True,Квітень 2026
886,2026-04-21,Масаж,52.0,,False,Квітень 2026
887,2026-04-21,Продукти,3.06,,True,Квітень 2026
888,2026-04-21,Речі для дому,3.89,Квіти,False,Квітень 2026
889,2026-04-21,Сигарети,7.0,,True,Квітень 2026
890,2026-04-21,Таксі,5.0,,True,Квітень 2026
891,2026-04-21,Хоббі,10.0,Баскетбол,True,Квітень 2026
892,2026-04-22,Продукти,21.13,,True,Квітень 2026
893,2026-04-22,Продукти,24.69,,True,Квітень 2026
894,2026-04-22,Сигарети,7.0,,True,Квітень 2026
895,2026-04-23,Продукти,7.66,,True,Квітень 2026
896,2026-04-23,Сигарети,7.0,,True,Квітень 2026
897,2026-04-23,Спорт,5.5,,False,Квітень 2026
898,2026-04-24,Продукти,6.59,,True,Квітень 2026
899,2026-04-24,Сигарети,7.0,,True,Квітень 2026
900,2026-04-24,Снеки,9.37,,True,Квітень 2026
901,2026-04-25,Іжа в закладі,15.2,,True,Квітень 2026
902,2026-04-25,Алкоголь,11.66,,True,Квітень 2026
903,2026-04-25,Продукти,5.51,,True,Квітень 2026
904,2026-04-25,Сигарети,7.0,,True,Квітень 2026
905,2026-04-25,Снеки,3.84,,True,Квітень 2026
906,2026-04-25,Солодке,4.5,,True,Квітень 2026
907,2026-04-25,Таксі,2.92,,True,Квітень 2026
908,2026-04-26,Іжа в закладі,17.0,,True,Квітень 2026
909,2026-04-26,Сигарети,7.0,,True,Квітень 2026
910,2026-04-26,Спорт,5.5,,False,Квітень 2026
911,2026-04-26,Хоббі,13.0,Ліпка,True,Квітень 2026
912,2026-04-27,Масаж,60.0,,False,Квітень 2026
913,2026-04-27,Продукти,12.99,,True,Квітень 2026
914,2026-04-27,Продукти,7.94,,True,Квітень 2026
915,2026-04-27,Проїзд,0.51,,True,Квітень 2026
916,2026-04-27,Сигарети,7.0,,True,Квітень 2026
917,2026-04-27,Таксі,2.33,,True,Квітень 2026
918,2026-04-28,Іжа на виніс,14.4,,True,Квітень 2026
919,2026-04-28,Подорожі,47.7,,False,Квітень 2026
920,2026-04-28,Подорожі,188.5,,False,Квітень 2026
921,2026-04-28,Подорожі,142.29,,False,Квітень 2026
922,2026-04-28,Сигарети,7.0,,True,Квітень 2026
923,2026-04-29,Іжа на виніс,9.4,,True,Квітень 2026
924,2026-04-29,Алкоголь,2.0,,True,Квітень 2026
925,2026-04-29,Проїзд,1.02,,True,Квітень 2026
926,2026-04-29,Сигарети,7.0,,True,Квітень 2026
927,2026-04-29,Снеки,6.99,,True,Квітень 2026
928,2026-04-30,Мама+котянчики,3.26,,False,Квітень 2026
929,2026-04-30,Одяг,5.11,Шкарпетки,True,Квітень 2026
930,2026-04-30,Продукти,13.99,,True,Квітень 2026
931,2026-04-30,Продукти,13.75,,True,Квітень 2026
932,2026-04-30,Продукти,33.13,,True,Квітень 2026
933,2026-04-30,Сигарети,7.0,,True,Квітень 2026
934,2026-04-30,Хімія,50.2,,True,Квітень 2026
935,2026-04-30,Хімія,32.28,,True,Квітень 2026
936,2026-05-01,Продукти,10.3,,True,Травень 2026
937,2026-05-01,Продукти,3.58,,True,Травень 2026
938,2026-05-01,Підписки,16.49,Ютуб,False,Травень 2026
939,2026-05-01,Сигарети,7.0,,True,Травень 2026
940,2026-05-01,Спорт,5.5,,False,Травень 2026
941,2026-05-02,iherb,108.2,,True,Травень 2026
942,2026-05-02,Іжа в закладі,18.0,,True,Травень 2026
943,2026-05-02,Мама+котянчики,158.79,,False,Травень 2026
944,2026-05-02,Приїзд родичів,362.06,,False,Травень 2026
945,2026-05-02,Продукти,3.38,,True,Травень 2026
946,2026-05-02,Продукти,1.7,,True,Травень 2026
947,2026-05-02,Проїзд,1.02,,True,Травень 2026
948,2026-05-02,Підписки,32.99,Praktika на рік,False,Травень 2026
949,2026-05-02,Сигарети,7.0,,True,Травень 2026
950,2026-05-03,Квартира,74.2,Світло,False,Травень 2026
951,2026-05-03,Квартира,28.97,Вода,False,Травень 2026
952,2026-05-03,Продукти,1.88,,True,Травень 2026
953,2026-05-03,Психолог,34.56,,False,Травень 2026
954,2026-05-03,Сигарети,7.0,,True,Травень 2026
955,2026-05-03,Снеки,4.18,,True,Травень 2026
956,2026-05-03,Хоббі,13.0,Ліпка,True,Травень 2026
957,2026-05-04,Іжа на виніс,3.9,,True,Травень 2026
958,2026-05-04,Продукти,4.53,,True,Травень 2026
959,2026-05-04,Продукти,14.77,,True,Травень 2026
960,2026-05-04,Психолог,131.36,,False,Травень 2026
961,2026-05-04,Підписки,5.62,Мобільний Коля,False,Травень 2026
962,2026-05-04,Сигарети,7.0,,True,Травень 2026
963,2026-05-04,Солодке,1.99,,True,Травень 2026
964,2026-05-05,Іжа на виніс,12.59,,True,Травень 2026
965,2026-05-05,Алкоголь,5.34,,True,Травень 2026
966,2026-05-05,Масаж,52.0,,False,Травень 2026
967,2026-05-05,Продукти,8.12,,True,Травень 2026
968,2026-05-05,Проїзд,0.51,,True,Травень 2026
969,2026-05-05,Підписки,21.0,Coursera,False,Травень 2026
970,2026-05-05,Підписки,29.73,Worldinvest meetup,False,Травень 2026
971,2026-05-05,Сигарети,7.0,,True,Травень 2026
972,2026-05-05,Снеки,14.19,,True,Травень 2026
973,2026-05-05,Снеки,-5.34,,True,Травень 2026
974,2026-05-05,Таксі,4.24,,True,Травень 2026
975,2026-05-05,івенти (квитки),19.0,Кіно,False,Травень 2026
976,2026-05-06,Іжа в закладі,20.28,,True,Травень 2026
977,2026-05-06,Продукти,3.06,,True,Травень 2026
978,2026-05-06,Продукти,2.5,,True,Травень 2026
979,2026-05-06,Сигарети,7.0,,True,Травень 2026
980,2026-05-06,Снеки,5.27,,True,Травень 2026
981,2026-05-06,Солодке,1.83,,True,Травень 2026
982,2026-05-06,Солодке,1.83,,True,Травень 2026
983,2026-05-06,Таксі,5.18,,True,Травень 2026
984,2026-05-06,Хімія,9.59,,True,Травень 2026
985,2026-05-07,Одяг,2.55,Шкарпетки,True,Травень 2026
986,2026-05-07,Продукти,13.7,,True,Травень 2026
987,2026-05-07,Продукти,14.52,,True,Травень 2026
988,2026-05-07,Сигарети,7.0,,True,Травень 2026
989,2026-05-07,Хімія,14.55,,True,Травень 2026
990,2026-05-08,Іжа в закладі,7.03,,True,Травень 2026
991,2026-05-08,Іжа в закладі,13.67,,True,Травень 2026
992,2026-05-08,Медицина,8.28,,False,Травень 2026
993,2026-05-08,Подорожі,347.4,Оренда авто,False,Травень 2026
994,2026-05-08,Речі для дому,1.02,Бутилочка,False,Травень 2026
995,2026-05-08,Сигарети,7.0,,True,Травень 2026
996,2026-05-08,Спорт,5.5,,False,Травень 2026
997,2026-05-08,Таксі,4.14,,True,Травень 2026
998,2026-05-09,Продукти,11.07,,True,Травень 2026
999,2026-05-09,Продукти,27.45,,True,Травень 2026
1000,2026-05-09,Сигарети,7.0,,True,Травень 2026
1001,2026-05-10,Квартира,11.79,Інтернет,False,Травень 2026
1002,2026-05-10,Спорт,5.5,,False,Травень 2026
1003,2026-05-10,Хоббі,13.0,Ліпка,True,Травень 2026
1004,2026-05-11,Квартира,485.0,,False,Травень 2026
1005,2026-05-11,Перукар,30.0,,False,Травень 2026
1006,2026-05-11,Продукти,10.75,,True,Травень 2026
1007,2026-05-11,Продукти,2.51,,True,Травень 2026
1008,2026-05-11,Продукти,13.92,,True,Травень 2026
1009,2026-05-11,Снеки,2.04,,True,Травень 2026
1010,2026-05-11,Солодке,12.73,,True,Травень 2026
1011,2026-05-12,Алкоголь,4.59,,True,Травень 2026
1012,2026-05-12,Снеки,14.79,,True,Травень 2026
1013,2026-05-12,Снеки,2.4,,True,Травень 2026
1014,2026-05-12,Снеки,8.35,,True,Травень 2026
1015,2026-05-13,Продукти,21.59,,True,Травень 2026
1016,2026-05-13,Продукти,2.78,,True,Травень 2026
1017,2026-05-13,Сигарети,28.0,,True,Травень 2026
1018,2026-05-14,Перукар,75.0,,False,Травень 2026
1019,2026-05-14,Продукти,20.65,,True,Травень 2026
1020,2026-05-14,Продукти,5.56,,True,Травень 2026
1021,2026-05-14,Продукти,8.11,,True,Травень 2026
1022,2026-05-14,Продукти,1.61,,True,Травень 2026
1023,2026-05-14,Сигарети,7.0,,True,Травень 2026
1024,2026-05-14,Солодке,1.22,,True,Травень 2026
1025,2026-05-14,Хімія,1.5,,True,Травень 2026
1026,2026-05-15,Продукти,22.62,,True,Травень 2026
1027,2026-05-15,Продукти,12.67,,True,Травень 2026
1028,2026-05-15,Продукти,5.76,,True,Травень 2026
1029,2026-05-15,Речі для дому,8.45,Термочашка,False,Травень 2026
1030,2026-05-15,Сигарети,7.0,,True,Травень 2026
1031,2026-05-15,Солодке,1.99,,True,Травень 2026
1032,2026-05-16,Іжа в закладі,24.41,,True,Травень 2026
1033,2026-05-16,Іжа в закладі,25.0,,True,Травень 2026
1034,2026-05-16,Подорожі,15.34,Вхід в фортецю,False,Травень 2026
1035,2026-05-17,Іжа в закладі,27.24,,True,Травень 2026
1036,2026-05-17,Алкоголь,15.27,,True,Травень 2026
1037,2026-05-17,Подорожі,47.09,Бензин,False,Травень 2026
1038,2026-05-17,Продукти,1.3,Вода,True,Травень 2026
1039,2026-05-17,Продукти,7.58,Вода,True,Травень 2026
1040,2026-05-17,Сигарети,10.5,,True,Травень 2026
1041,2026-05-18,Іжа в закладі,32.58,,True,Травень 2026
1042,2026-05-18,Алкоголь,1.62,,True,Травень 2026
1043,2026-05-18,Подорожі,16.0,Парк ведмедів,False,Травень 2026
1044,2026-05-18,Продукти,2.55,,True,Травень 2026
1045,2026-05-18,Продукти,1.0,,True,Травень 2026
1046,2026-05-18,Продукти,31.48,,True,Травень 2026
1047,2026-05-18,Продукти,-11.36,,True,Травень 2026
1048,2026-05-18,Сигарети,7.0,,True,Травень 2026
1049,2026-05-18,Снеки,1.9,,True,Травень 2026
1050,2026-05-18,Снеки,5.36,,True,Травень 2026
1051,2026-05-18,Снеки,2.12,,True,Травень 2026
1052,2026-05-18,Снеки,3.88,,True,Травень 2026
1053,2026-05-19,Алкоголь,0.63,,True,Травень 2026
1054,2026-05-19,Алкоголь,8.29,,True,Травень 2026
1055,2026-05-19,Мама+котянчики,1.98,,False,Травень 2026
1056,2026-05-19,Одяг,1.25,Шкарпетки,True,Травень 2026
1057,2026-05-19,Продукти,5.5,,True,Травень 2026
1058,2026-05-19,Підписки,5.03,Мобільний болгарський,False,Травень 2026
1059,2026-05-19,Снеки,2.49,,True,Травень 2026
1060,2026-05-19,Снеки,1.39,,True,Травень 2026
1061,2026-05-19,Снеки,1.76,,True,Травень 2026
1062,2026-05-19,Снеки,6.3,,True,Травень 2026
1063,2026-05-20,Іжа в закладі,44.12,,True,Травень 2026
1064,2026-05-20,Подорожі,72.0,,False,Травень 2026
1065,2026-05-20,Продукти,1.06,,True,Травень 2026
1066,2026-05-20,Сигарети,7.0,,True,Травень 2026
1067,2026-05-20,Хімія,2.44,,True,Травень 2026
1068,2026-05-21,Іжа в закладі,25.0,,True,Травень 2026
1069,2026-05-21,Продукти,1.06,,True,Травень 2026
1070,2026-05-21,Речі для дому,62.12,,False,Травень 2026
1071,2026-05-21,Сигарети,7.0,,True,Травень 2026
1072,2026-05-21,Снеки,1.38,,True,Травень 2026
1073,2026-05-22,Іжа в закладі,25.0,,True,Травень 2026
1074,2026-05-22,Іжа на виніс,1.6,Кава на завправці,True,Травень 2026
1075,2026-05-22,Алкоголь,2.43,,True,Травень 2026
1076,2026-05-22,Одяг,184.5,,True,Травень 2026
1077,2026-05-22,Продукти,36.53,,True,Травень 2026
1078,2026-05-22,Продукти,-2.43,,True,Травень 2026
1079,2026-05-22,Продукти,-3.32,,True,Травень 2026
1080,2026-05-22,Продукти,2.11,,True,Травень 2026
1081,2026-05-22,Сигарети,7.0,,True,Травень 2026
1082,2026-05-22,Солодке,6.64,,True,Травень 2026
1083,2026-05-23,Іжа в закладі,21.14,,True,Травень 2026
1084,2026-05-23,Іжа в закладі,28.7,,True,Травень 2026
1085,2026-05-23,Алкоголь,3.68,,True,Травень 2026
1086,2026-05-23,Подорожі,12.0,Сувеніри,False,Травень 2026
1087,2026-05-23,Подорожі,18.0,Сувеніри,False,Травень 2026
1088,2026-05-23,Подорожі,3.0,Сувеніри,False,Травень 2026
1089,2026-05-23,Подорожі,4.29,Барбекю,False,Травень 2026
1090,2026-05-23,Подорожі,3.37,Барбекю,False,Травень 2026
1091,2026-05-23,Подорожі,0.51,Барбекю,False,Травень 2026
1092,2026-05-23,Продукти,2.25,,True,Травень 2026
1093,2026-05-23,Продукти,22.15,,True,Травень 2026
1094,2026-05-23,Продукти,-3.68,,True,Травень 2026
1095,2026-05-23,Продукти,-10.47,,True,Травень 2026
1096,2026-05-23,Речі для дому,8.16,Індійські сувеніри,False,Травень 2026
1097,2026-05-23,Речі для дому,3.57,Індійські сувеніри,False,Травень 2026
1098,2026-05-23,Сигарети,7.0,,True,Травень 2026
1099,2026-05-23,Солодке,3.06,,True,Травень 2026
1100,2026-05-23,Солодке,3.32,,True,Травень 2026
1101,2026-05-23,Солодке,4.09,,True,Травень 2026
1102,2026-05-24,Іжа в закладі,25.0,,True,Травень 2026
1103,2026-05-24,Подорожі,47.21,Бензин,False,Травень 2026
1104,2026-05-24,Подорожі,0.5,Туалет,False,Травень 2026
1105,2026-05-24,Продукти,5.73,,True,Травень 2026
1106,2026-05-24,Підписки,1.56,Гугл диск,False,Травень 2026
1107,2026-05-24,Підписки,6.82,Мегого,False,Травень 2026
1108,2026-05-24,Підписки,2.99,iCloud Коля,False,Травень 2026
1109,2026-05-24,Підписки,2.6,iCloud Оля,False,Травень 2026
1110,2026-05-24,Сигарети,7.0,,True,Травень 2026
1111,2026-05-24,Хімія,9.2,Коплект для лиця,True,Травень 2026
1112,2026-05-25,Іжа в закладі,1.5,Кава,True,Травень 2026
1113,2026-05-25,Іжа на виніс,16.0,,True,Травень 2026
1114,2026-05-25,Іжа на виніс,12.59,,True,Травень 2026
1115,2026-05-25,Подорожі,39.4,Бензин,False,Травень 2026
1116,2026-05-25,Подорожі,3.0,Мийка машини,False,Травень 2026
1117,2026-05-25,Продукти,1.53,,True,Травень 2026
1118,2026-05-25,Продукти,2.73,,True,Травень 2026
1119,2026-05-25,Проїзд,1.02,,True,Травень 2026
1120,2026-05-25,Речі для дому,2.99,Батарейки,False,Травень 2026
1121,2026-05-25,Хімія,16.84,,True,Травень 2026
1122,2026-05-26,Англійська,14.97,,False,Травень 2026
1123,2026-05-26,Англійська,4.13,,False,Травень 2026
1124,2026-05-26,Масаж,55.0,,False,Травень 2026
1125,2026-05-26,Продукти,2.4,,True,Травень 2026
1126,2026-05-26,Продукти,6.15,,True,Травень 2026
1127,2026-05-26,Проїзд,0.51,,True,Травень 2026
1128,2026-05-27,Іжа на виніс,11.3,,True,Травень 2026
1129,2026-05-27,Алкоголь,3.24,,True,Травень 2026
1130,2026-05-27,Англійська,80.86,,False,Травень 2026
1131,2026-05-27,Продукти,1.58,,True,Травень 2026
1132,2026-05-27,Проїзд,1.02,,True,Травень 2026
1133,2026-05-27,Спорт,5.5,,False,Травень 2026
1134,2026-05-27,Таксі,5.41,,True,Травень 2026
1135,2026-05-27,Хоббі,50.0,Болгарська,True,Травень 2026
1136,2026-05-28,Іжа на виніс,6.08,,True,Травень 2026
1137,2026-05-28,Іжа на виніс,2.51,,True,Травень 2026
1138,2026-05-28,Іжа на виніс,1.49,,True,Травень 2026
1139,2026-05-28,Алкоголь,7.5,,True,Травень 2026
1140,2026-05-28,Алкоголь,5.0,,True,Травень 2026
1141,2026-05-28,Продукти,33.59,,True,Травень 2026
1142,2026-05-28,Продукти,-3.29,,True,Травень 2026
1143,2026-05-28,Продукти,-15.99,,True,Травень 2026
1144,2026-05-28,Продукти,3.01,,True,Травень 2026
1145,2026-05-28,Продукти,3.06,,True,Травень 2026
1146,2026-05-28,Речі для дому,15.99,Кастрюля,False,Травень 2026
1147,2026-05-28,Снеки,4.08,,True,Травень 2026
1148,2026-05-28,Снеки,1.27,,True,Травень 2026
1149,2026-05-28,Солодке,3.29,,True,Травень 2026
1150,2026-05-28,Солодке,2.83,,True,Травень 2026
1151,2026-05-29,Іжа в закладі,5.0,,True,Травень 2026
1152,2026-05-29,Іжа на виніс,1.49,,True,Травень 2026
1153,2026-05-29,Медицина,1.5,Прийом в лікаря,False,Травень 2026
1154,2026-05-29,Одяг,9.79,,True,Травень 2026
1155,2026-05-29,Продукти,38.93,,True,Травень 2026
1156,2026-05-29,Проїзд,1.02,,True,Травень 2026
1157,2026-05-29,Сигарети,35.0,,True,Травень 2026
1158,2026-05-29,Солодке,4.32,,True,Травень 2026
1159,2026-05-29,Солодке,-1.49,,True,Травень 2026
1160,2026-05-30,Іжа в закладі,19.97,,True,Травень 2026
1161,2026-05-30,Алкоголь,4.59,,True,Травень 2026
1162,2026-05-30,Алкоголь,3.04,,True,Травень 2026
1163,2026-05-30,Медицина,5.11,,False,Травень 2026
1164,2026-05-30,Продукти,4.54,,True,Травень 2026
1165,2026-05-30,Продукти,6.4,,True,Травень 2026
1166,2026-05-30,Підписки,5.64,Телефон Коля,False,Травень 2026
1167,2026-05-30,Сигарети,7.0,,True,Травень 2026
1168,2026-05-30,Сигарети,7.0,,True,Травень 2026
1169,2026-05-30,Снеки,1.53,,True,Травень 2026
1170,2026-05-30,Снеки,4.6,,True,Травень 2026
1171,2026-05-30,Снеки,4.08,,True,Травень 2026
1172,2026-05-30,Снеки,1.94,,True,Травень 2026
1173,2026-05-30,Снеки,2.55,,True,Травень 2026
1174,2026-05-31,Продукти,4.12,,True,Травень 2026
1175,2026-05-31,Хімія,0.51,,True,Травень 2026
1176,2026-06-01,Мама+котянчики,155.94,,False,Червень 2026
1177,2026-06-01,Продукти,23.66,,True,Червень 2026
1178,2026-06-01,Проїзд,0.51,,True,Червень 2026
1179,2026-06-01,Сигарети,7.0,,True,Червень 2026
1180,2026-06-02,Іжа на виніс,11.19,,True,Червень 2026
1181,2026-06-02,Іжа на виніс,5.11,,True,Червень 2026
1182,2026-06-02,Квартира,22.59,Вода,False,Червень 2026
1183,2026-06-02,Продукти,1.93,,True,Червень 2026
1184,2026-06-02,Продукти,1.33,,True,Червень 2026
1185,2026-06-02,Речі для дому,8.18,,False,Червень 2026
1186,2026-06-02,Речі для дому,6.13,,False,Червень 2026
1187,2026-06-02,Речі для дому,4.59,,False,Червень 2026
1188,2026-06-02,Речі для дому,-0.84,,False,Червень 2026
1189,2026-06-02,Сигарети,7.0,,True,Червень 2026
1190,2026-06-02,Солодке,0.96,,True,Червень 2026
1191,2026-06-02,Солодке,3.29,,True,Червень 2026
1192,2026-06-03,Продукти,3.01,,True,Червень 2026
1193,2026-06-03,Підписки,3.23,Ютуб Коля,False,Червень 2026
1194,2026-06-03,Сигарети,7.0,,True,Червень 2026
1195,2026-06-03,Солодке,6.38,,True,Червень 2026
1196,2026-06-03,Солодке,1.83,,True,Червень 2026
1197,2026-06-04,Одяг,4.64,Доставка кросівок,True,Червень 2026
1198,2026-06-04,Одяг,10.8,Доставка кросівок,True,Червень 2026
1199,2026-06-04,Сигарети,7.0,,True,Червень 2026
1200,2026-06-04,Снеки,5.45,,True,Червень 2026
1201,2026-06-04,Спорт,5.5,,False,Червень 2026
1202,2026-06-05,Допомога,10.0,,False,Червень 2026
1203,2026-06-05,Медицина,4.6,,False,Червень 2026
1204,2026-06-05,Продукти,8.1,,True,Червень 2026
1205,2026-06-05,Продукти,21.68,,True,Червень 2026
1206,2026-06-05,Продукти,3.01,,True,Червень 2026
1207,2026-06-05,Сигарети,7.0,,True,Червень 2026
1208,2026-06-05,Снеки,4.07,,True,Червень 2026
1209,2026-06-05,Солодке,3.07,,True,Червень 2026
1210,2026-06-05,Хоббі,3.32,Еустома,True,Червень 2026
1211,2026-06-06,Іжа в закладі,22.0,,True,Червень 2026
1212,2026-06-06,Квартира,11.79,Інтернет,False,Червень 2026
1213,2026-06-06,Квартира,55.74,Світло,False,Червень 2026
1214,2026-06-06,Подарунки,26.48,Подарунок Альоні,False,Червень 2026
1215,2026-06-06,Продукти,6.89,,True,Червень 2026
1216,2026-06-06,Речі для дому,6.5,Ліхтарики,False,Червень 2026
1217,2026-06-06,Сигарети,7.0,,True,Червень 2026
1218,2026-06-06,Таксі,4.33,,True,Червень 2026
1219,2026-06-07,Іжа на виніс,21.0,Піци,True,Червень 2026
1220,2026-06-07,Алкоголь,0.64,,True,Червень 2026
1221,2026-06-07,Алкоголь,3.24,,True,Червень 2026
1222,2026-06-07,Квартира,20.0,Жіночка,False,Червень 2026
1223,2026-06-07,Подарунки,15.0,Квіти Альоні,False,Червень 2026
1224,2026-06-07,Продукти,0.79,,True,Червень 2026
1225,2026-06-07,Продукти,3.28,,True,Червень 2026
1226,2026-06-07,Сигарети,7.0,,True,Червень 2026
1227,2026-06-07,Снеки,6.97,,True,Червень 2026
1228,2026-06-08,Продукти,4.49,,True,Червень 2026
1229,2026-06-08,Продукти,0.57,,True,Червень 2026
1230,2026-06-08,Продукти,7.21,,True,Червень 2026
1231,2026-06-08,Солодке,3.83,,True,Червень 2026
1232,2026-06-09,Іжа на виніс,11.3,,True,Червень 2026
1233,2026-06-09,Квартира,560.0,,False,Червень 2026
1234,2026-06-09,Масаж,55.0,,False,Червень 2026
1235,2026-06-09,Продукти,5.81,,True,Червень 2026
1236,2026-06-09,Продукти,0.81,,True,Червень 2026
1237,2026-06-09,Продукти,0.45,,True,Червень 2026
1238,2026-06-09,Сигарети,7.0,,True,Червень 2026
1239,2026-06-09,Спорт,5.5,,False,Червень 2026
1240,2026-06-10,Іжа на виніс,8.9,,True,Червень 2026
1241,2026-06-10,Продукти,5.6,,True,Червень 2026
1242,2026-06-10,Продукти,3.3,,True,Червень 2026
1243,2026-06-10,Сигарети,7.0,,True,Червень 2026
1244,2026-06-11,Англійська,39.21,,False,Червень 2026
1245,2026-06-11,Англійська,2.58,,False,Червень 2026
1246,2026-06-11,Продукти,15.64,,True,Червень 2026
1247,2026-06-11,Хоббі,2.0,Настільний футбол,True,Червень 2026
1248,2026-06-12,Іжа в закладі,18.55,,True,Червень 2026
1249,2026-06-12,Медицина,1.48,Гінекологія,False,Червень 2026
1250,2026-06-12,Медицина,104.82,Гінекологія,False,Червень 2026
1251,2026-06-12,Медицина,130.0,Гінекологія,False,Червень 2026
1252,2026-06-12,Одяг,58.58,Красавка,True,Червень 2026
1253,2026-06-12,Продукти,3.01,,True,Червень 2026
1254,2026-06-12,Продукти,2.49,,True,Червень 2026
1255,2026-06-12,Проїзд,0.51,,True,Червень 2026
1256,2026-06-12,Проїзд,0.51,,True,Червень 2026
1257,2026-06-12,Проїзд,0.77,,True,Червень 2026
1258,2026-06-12,Сигарети,14.0,,True,Червень 2026
1259,2026-06-12,Снеки,3.47,,True,Червень 2026
1260,2026-06-12,Таксі,3.96,,True,Червень 2026
1261,2026-06-13,Іжа в закладі,17.0,Консультація в кафе,True,Червень 2026
1262,2026-06-13,Іжа на виніс,2.51,,True,Червень 2026
1263,2026-06-13,Іжа на виніс,6.08,,True,Червень 2026
1264,2026-06-13,Одяг,0.64,,True,Червень 2026
1265,2026-06-13,Продукти,4.62,,True,Червень 2026
1266,2026-06-13,Продукти,2.49,,True,Червень 2026
1267,2026-06-13,Хоббі,5.0,,True,Червень 2026
1268,2026-06-14,Іжа в закладі,15.0,,True,Червень 2026
1269,2026-06-14,Продукти,13.06,,True,Червень 2026
1270,2026-06-14,Сигарети,7.0,,True,Червень 2026
1271,2026-06-14,Спорт,5.5,,False,Червень 2026
1272,2026-06-14,Таксі,5.63,,True,Червень 2026
1273,2026-06-14,Таксі,6.78,,True,Червень 2026
1274,2026-06-14,Хоббі,13.0,,True,Червень 2026
1275,2026-06-14,Хімія,41.96,,True,Червень 2026
1276,2026-06-15,Медицина,31.19,аналіз мазок,False,Червень 2026
1277,2026-06-15,Продукти,2.09,,True,Червень 2026
1278,2026-06-15,Продукти,9.32,,True,Червень 2026
1279,2026-06-15,Проїзд,0.51,,True,Червень 2026
1280,2026-06-15,Підписки,1.54,Гугл диск,False,Червень 2026
1281,2026-06-15,Таксі,5.52,,True,Червень 2026
1282,2026-06-16,Масаж,57.0,,False,Червень 2026
1283,2026-06-16,Одяг,30.0,,True,Червень 2026
1284,2026-06-16,Продукти,20.42,,True,Червень 2026
1285,2026-06-16,Таксі,4.87,,True,Червень 2026
1286,2026-06-17,Іжа в закладі,16.45,,True,Червень 2026
1287,2026-06-17,Подарунки,4.59,Подарунки від себе дівчатам,False,Червень 2026
1288,2026-06-17,Подарунки,16.44,Подарунки від себе дівчатам,False,Червень 2026
1289,2026-06-17,Подарунки,57.0,Подарунки від себе дівчатам,False,Червень 2026
1290,2026-06-17,Подарунки,1.22,Подарунки від себе дівчатам,False,Червень 2026
1291,2026-06-17,Подарунки,14.16,Подарунки на офіс лореаль,False,Червень 2026
1292,2026-06-17,Подарунки,22.95,Подарунки на офіс лореаль,False,Червень 2026
1293,2026-06-17,Подарунки,2.75,Подарунки на офіс лореаль,False,Червень 2026
1294,2026-06-17,Подарунки,5.77,Подарунки на офіс лореаль,False,Червень 2026
1295,2026-06-17,Підписки,6.75,Мегого,False,Червень 2026
1296,2026-06-17,Сигарети,21.0,,True,Червень 2026
1297,2026-06-17,Хімія,2.45,Помада,True,Червень 2026
1298,2026-06-18,Іжа на виніс,0.81,,True,Червень 2026
1299,2026-06-18,Іжа на виніс,13.4,,True,Червень 2026
1300,2026-06-18,Одяг,4.53,,True,Червень 2026
1301,2026-06-18,Продукти,6.6,,True,Червень 2026
1302,2026-06-18,Продукти,5.1,,True,Червень 2026
1303,2026-06-18,Продукти,49.85,Казеїн,True,Червень 2026
1304,2026-06-18,Сигарети,7.0,,True,Червень 2026
1305,2026-06-19,Масаж,60.0,,False,Червень 2026
1306,2026-06-19,Продукти,14.33,,True,Червень 2026
1307,2026-06-19,Продукти,4.2,,True,Червень 2026
1308,2026-06-20,Іжа на виніс,8.13,,True,Червень 2026
1309,2026-06-20,Іжа на виніс,0.81,,True,Червень 2026
1310,2026-06-20,Іжа на виніс,13.4,,True,Червень 2026
1311,2026-06-20,Підписки,2.99,iCloud Коля,False,Червень 2026
1312,2026-06-20,Підписки,3.23,Youtube Оля,False,Червень 2026
1313,2026-06-20,Речі для дому,3.02,,False,Червень 2026
1314,2026-06-20,Сигарети,14.0,,True,Червень 2026
1315,2026-06-20,Хімія,6.77,Зубна паста,True,Червень 2026
1316,2026-06-20,івенти (квитки),50.0,,False,Червень 2026
1317,2026-06-21,Продукти,8.83,,True,Червень 2026
1318,2026-06-21,Сигарети,7.0,,True,Червень 2026
1319,2026-06-21,Таксі,10.71,,True,Червень 2026
1320,2026-06-21,Таксі,11.54,,True,Червень 2026
1321,2026-06-22,Проїзд,0.51,,True,Червень 2026
1322,2026-06-22,Сигарети,7.0,,True,Червень 2026
1323,2026-06-23,Подарунки,21.88,Лореаль магазі,False,Червень 2026
1324,2026-06-23,Продукти,5.72,,True,Червень 2026
1325,2026-06-23,Сигарети,7.0,,True,Червень 2026
1326,2026-06-24,Подарунки,50.71,Лореаль магазі,False,Червень 2026
1327,2026-06-24,Подарунки,55.28,Наталі: Лореаль магазі(Instant Effect Gel EYE) - на ДН,False,Червень 2026
1328,2026-06-24,Продукти,8.47,,True,Червень 2026
1329,2026-06-24,Сигарети,7.0,,True,Червень 2026
1330,2026-06-24,Спорт,5.5,,False,Червень 2026
1331,2026-06-25,Продукти,6.03,,True,Червень 2026
1332,2026-06-25,Продукти,1.99,,True,Червень 2026
1333,2026-06-25,Сигарети,7.0,,True,Червень 2026
1334,2026-06-25,Хімія,36.03,Демакіяж в Лореаль магазі,True,Червень 2026
1335,2026-06-26,Перукар,35.0,,False,Червень 2026
1336,2026-06-26,Сигарети,7.0,,True,Червень 2026
1337,2026-06-26,Техніка,1767.7,Макбук,False,Червень 2026
1338,2026-06-26,Хімія,10.0,,True,Червень 2026
1339,2026-06-26,івенти (квитки),62.1,Театр,False,Червень 2026
1340,2026-06-27,Продукти,20.11,,True,Червень 2026
1341,2026-06-27,Продукти,7.09,,True,Червень 2026
1342,2026-06-27,Сигарети,7.0,,True,Червень 2026
1343,2026-06-27,Техніка,720.32,Айфон,False,Червень 2026
1344,2026-06-27,Техніка,-178.0,Айфон,False,Червень 2026
1345,2026-06-28,Подарунки,13.0,Подарунки малим (за налічку були),False,Червень 2026
1346,2026-06-28,Сигарети,7.0,,True,Червень 2026
1347,2026-06-28,Спорт,5.5,,False,Червень 2026
1348,2026-06-29,Продукти,13.63,,True,Червень 2026
1349,2026-06-29,Сигарети,7.0,,True,Червень 2026
1350,2026-06-29,Хоббі,50.0,Болгарська,True,Червень 2026
1351,2026-06-30,Іжа на виніс,13.4,,True,Червень 2026
1352,2026-06-30,Перукар,32.0,,False,Липень 2026
1353,2026-06-30,Продукти,3.06,,True,Червень 2026
1354,2026-06-30,Сигарети,7.0,,True,Червень 2026
1355,2026-07-01,Алкоголь,4.09,Вино,True,Липень 2026
1356,2026-07-01,Квартира,21.83,Жіночка,False,Липень 2026
1357,2026-07-01,Мама+котянчики,157.79,,False,Липень 2026
1358,2026-07-01,Медицина,205.5,Аналізи,False,Липень 2026
1359,2026-07-01,Продукти,0.61,,True,Липень 2026
1360,2026-07-01,Продукти,10.4,,True,Липень 2026
1361,2026-07-01,Продукти,5.41,,True,Липень 2026
1362,2026-07-01,Продукти,6.47,,True,Липень 2026
1363,2026-07-01,Проїзд,0.51,,True,Липень 2026
1364,2026-07-01,Сигарети,7.0,,True,Липень 2026
1365,2026-07-02,Квартира,34.44,Світло,False,Липень 2026
1366,2026-07-02,Квартира,19.25,Вода,False,Липень 2026
1367,2026-07-02,Підписки,3.23,Ютуб Коля,False,Липень 2026
1368,2026-07-02,Сигарети,7.0,,True,Липень 2026
1369,2026-07-02,Солодке,3.27,,True,Липень 2026
1370,2026-07-02,Спорт,5.5,,False,Липень 2026
1371,2026-07-02,Таксі,3.98,,True,Липень 2026
1372,2026-07-03,Продукти,23.83,,True,Липень 2026
1373,2026-07-03,Речі для дому,8.08,Фільтри для душу,False,Липень 2026
1374,2026-07-03,Сигарети,7.0,,True,Липень 2026
1375,2026-07-04,iherb,117.1,,True,Липень 2026
1376,2026-07-04,Сигарети,7.0,,True,Липень 2026
1377,2026-07-05,Медицина,18.15,,False,Липень 2026
1378,2026-07-05,Продукти,24.28,,True,Липень 2026
1379,2026-07-05,Продукти,4.07,,True,Липень 2026
1380,2026-07-05,Сигарети,7.0,,True,Липень 2026
1381,2026-07-06,Продукти,6.07,,True,Липень 2026
1382,2026-07-06,Проїзд,1.02,,True,Липень 2026
1383,2026-07-06,Сигарети,7.0,,True,Липень 2026
1384,2026-07-07,Допомога,9.88,,False,Липень 2026
1385,2026-07-07,Продукти,1.05,,True,Липень 2026
1386,2026-07-07,Сигарети,7.0,,True,Липень 2026
1387,2026-07-08,Алкоголь,9.98,,True,Липень 2026
1388,2026-07-08,Квартира,11.79,Інтернет,False,Липень 2026
1389,2026-07-08,Квартира,560.0,,False,Липень 2026
1390,2026-07-08,Продукти,11.83,,True,Липень 2026
1391,2026-07-08,Продукти,8.78,,True,Липень 2026
1392,2026-07-08,Продукти,4.88,,True,Липень 2026
1393,2026-07-08,Продукти,22.6,,True,Липень 2026
1394,2026-07-08,Продукти,9.73,,True,Липень 2026
1395,2026-07-08,Сигарети,7.0,,True,Липень 2026
1396,2026-07-08,Хімія,9.32,,True,Липень 2026
1397,2026-07-09,Продукти,8.11,,True,Липень 2026
1398,2026-07-09,Продукти,5.99,,True,Липень 2026
1399,2026-07-09,Сигарети,7.0,,True,Липень 2026
1400,2026-07-09,Спорт,5.5,,False,Липень 2026
1401,2026-07-10,Допомога,1.0,,False,Липень 2026
1402,2026-07-10,Продукти,7.67,,True,Липень 2026
1403,2026-07-10,Продукти,4.1,,True,Липень 2026
1404,2026-07-10,Продукти,4.39,,True,Липень 2026
1405,2026-07-10,Проїзд,1.02,,True,Липень 2026
1406,2026-07-10,Підписки,10.05,Мобільний болгарія,False,Липень 2026
1407,2026-07-10,Сигарети,7.0,,True,Липень 2026
1408,2026-07-10,Таксі,9.57,,True,Липень 2026
1409,2026-07-10,Таксі,4.0,,True,Липень 2026
1410,2026-07-11,Іжа в закладі,22.5,,True,Липень 2026
1411,2026-07-11,Іжа в закладі,13.87,,True,Липень 2026
1412,2026-07-11,Допомога,9.89,,False,Липень 2026
1413,2026-07-11,Масаж,57.0,,False,Липень 2026
1414,2026-07-11,Приїзд родичів,27.28,,False,Липень 2026
1415,2026-07-11,Продукти,7.12,,True,Липень 2026
1416,2026-07-11,Продукти,1.99,,True,Липень 2026
1417,2026-07-11,Проїзд,1.02,,True,Липень 2026
1418,2026-07-11,Сигарети,7.0,,True,Липень 2026
1419,2026-07-11,Солодке,0.98,,True,Липень 2026
1420,2026-07-11,Солодке,4.5,,True,Липень 2026
1421,2026-07-11,Таксі,5.42,,True,Липень 2026
1422,2026-07-11,Таксі,8.05,,True,Липень 2026
1423,2026-07-12,Іжа в закладі,5.5,,True,Липень 2026
1424,2026-07-12,Продукти,11.77,,True,Липень 2026
1425,2026-07-12,Сигарети,7.0,,True,Липень 2026
1426,2026-07-12,Солодке,0.98,,True,Липень 2026
1427,2026-07-12,Солодке,4.0,,True,Липень 2026
1428,2026-07-12,Спорт,5.5,,False,Липень 2026
1429,2026-07-12,Таксі,6.15,,True,Липень 2026
1430,2026-07-12,Таксі,5.65,,True,Липень 2026
1431,2026-07-12,Таксі,5.9,,True,Липень 2026
1432,2026-07-12,Таксі,5.93,,True,Липень 2026
1433,2026-07-13,Іжа в закладі,17.35,,True,Липень 2026
1434,2026-07-13,Подарунки,78.78,Софійка ДН,False,Липень 2026
1435,2026-07-13,Приїзд родичів,93.0,Аквахаус,False,Липень 2026
1436,2026-07-13,Приїзд родичів,79.3,Аквахаус,False,Липень 2026
1437,2026-07-13,Солодке,0.98,,True,Липень 2026
1438,2026-07-13,Таксі,8.78,,True,Липень 2026
1439,2026-07-13,Таксі,8.67,,True,Липень 2026
1440,2026-07-14,Іжа в закладі,5.6,,True,Липень 2026
1441,2026-07-14,Іжа в закладі,23.8,,True,Липень 2026
1442,2026-07-14,Іжа в закладі,1.58,,True,Липень 2026
1443,2026-07-14,Іжа на виніс,20.1,,True,Липень 2026
1444,2026-07-14,Іжа на виніс,2.98,,True,Липень 2026
1445,2026-07-14,Продукти,3.01,,True,Липень 2026
1446,2026-07-14,Продукти,5.1,,True,Липень 2026
1447,2026-07-14,Проїзд,1.53,,True,Липень 2026
1448,2026-07-14,Сигарети,7.0,,True,Липень 2026
1449,2026-07-14,Снеки,5.35,,True,Липень 2026
1450,2026-07-14,Солодке,0.98,,True,Липень 2026
1451,2026-07-14,Солодке,0.79,,True,Липень 2026
1452,2026-07-14,Солодке,25.11,,True,Липень 2026
1453,2026-07-14,Таксі,6.38,,True,Липень 2026
1454,2026-07-14,Таксі,5.35,,True,Липень 2026
1455,2026-07-14,Таксі,3.97,,True,Липень 2026
1456,2026-07-14,Техніка,15.0,Скло на телефон,False,Липень 2026
1457,2026-07-15,Іжа в закладі,49.0,,True,Липень 2026
1458,2026-07-15,Іжа на виніс,7.36,,True,Липень 2026
1459,2026-07-15,Іжа на виніс,8.43,,True,Липень 2026
1460,2026-07-15,Продукти,3.99,,True,Липень 2026
1461,2026-07-15,Продукти,11.95,,True,Липень 2026
1462,2026-07-15,Сигарети,7.0,,True,Липень 2026
1463,2026-07-15,Снеки,2.45,,True,Липень 2026
1464,2026-07-15,Солодке,0.98,,True,Липень 2026
1465,2026-07-15,Солодке,3.29,,True,Липень 2026
1466,2026-07-15,Таксі,6.14,,True,Липень 2026
1467,2026-07-15,Таксі,5.62,,True,Липень 2026
1468,2026-07-15,Таксі,7.62,,True,Липень 2026
1469,2026-07-15,Таксі,5.45,,True,Липень 2026
1470,2026-07-16,Іжа на виніс,3.9,,True,Липень 2026
1471,2026-07-16,Подарунки,13.24,Тахан,False,Липень 2026
1472,2026-07-16,Продукти,19.83,,True,Липень 2026
1473,2026-07-16,Продукти,3.7,,True,Липень 2026
1474,2026-07-16,Продукти,1.53,,True,Липень 2026
1475,2026-07-16,Сигарети,7.0,,True,Липень 2026
1476,2026-07-16,Солодке,0.58,,True,Липень 2026
1477,2026-07-16,Солодке,1.8,,True,Липень 2026
1478,2026-07-16,Солодке,2.6,,True,Липень 2026
1479,2026-07-16,Таксі,5.09,,True,Липень 2026
1480,2026-07-16,Таксі,5.59,,True,Липень 2026
1481,2026-07-16,Таксі,5.09,,True,Липень 2026
1482,2026-07-16,Таксі,5.37,,True,Липень 2026
1483,2026-07-17,Іжа в закладі,6.0,,True,Липень 2026
1484,2026-07-17,Іжа на виніс,5.82,,True,Липень 2026
1485,2026-07-17,Іжа на виніс,18.44,,True,Липень 2026
1486,2026-07-17,Іжа на виніс,2.04,,True,Липень 2026
1487,2026-07-17,Приїзд родичів,3.58,,False,Липень 2026
1488,2026-07-17,Приїзд родичів,18.15,,False,Липень 2026
1489,2026-07-17,Продукти,2.09,,True,Липень 2026
1490,2026-07-17,Продукти,14.59,,True,Липень 2026
1491,2026-07-17,Продукти,-3.58,,True,Липень 2026
1492,2026-07-17,Продукти,-0.58,,True,Липень 2026
1493,2026-07-17,Продукти,11.9,,True,Липень 2026
1494,2026-07-17,Речі для дому,10.22,,False,Липень 2026
1495,2026-07-17,Сигарети,7.0,,True,Липень 2026
1496,2026-07-17,Солодке,0.58,,True,Липень 2026
1497,2026-07-17,Солодке,2.6,,True,Липень 2026
1498,2026-07-17,Солодке,3.29,,True,Липень 2026
1499,2026-07-17,Спорт,5.5,,False,Липень 2026
1500,2026-07-17,Таксі,6.4,,True,Липень 2026
1501,2026-07-17,Таксі,6.16,,True,Липень 2026
1502,2026-07-17,Таксі,5.87,,True,Липень 2026
1503,2026-07-17,Таксі,6.13,,True,Липень 2026
1504,2026-07-18,Іжа в закладі,16.36,,True,Липень 2026
1505,2026-07-18,Іжа в закладі,2.27,,True,Липень 2026
1506,2026-07-18,Іжа в закладі,9.68,,True,Липень 2026
1507,2026-07-18,Приїзд родичів,6.38,,False,Липень 2026
1508,2026-07-18,Приїзд родичів,87.35,,False,Липень 2026
1509,2026-07-18,Продукти,1.99,,True,Липень 2026
1510,2026-07-18,Сигарети,7.0,,True,Липень 2026
1511,2026-07-18,Солодке,0.58,,True,Липень 2026
1512,2026-07-18,Таксі,5.76,,True,Липень 2026
1513,2026-07-18,Таксі,5.65,,True,Липень 2026
1514,2026-07-18,Техніка,21.11,Наушники,False,Липень 2026
1515,2026-07-18,Хімія,21.83,,True,Липень 2026
1516,2026-07-19,Іжа в закладі,12.98,,True,Липень 2026
1517,2026-07-19,Приїзд родичів,8.14,,False,Липень 2026
1518,2026-07-19,Продукти,4.78,,True,Липень 2026
1519,2026-07-19,Продукти,5.62,,True,Липень 2026
1520,2026-07-19,Продукти,8.05,,True,Липень 2026
1521,2026-07-19,Сигарети,7.0,,True,Липень 2026
1522,2026-07-19,Снеки,9.14,,True,Липень 2026
1523,2026-07-19,Солодке,0.58,,True,Липень 2026
1524,2026-07-19,Солодке,5.97,,True,Липень 2026
1525,2026-07-19,Спорт,5.5,,False,Липень 2026
1526,2026-07-19,Таксі,5.54,,True,Липень 2026
1527,2026-07-20,Продукти,3.01,,True,Липень 2026
1528,2026-07-20,Солодке,0.78,,True,Липень 2026
1529,2026-07-21,Іжа на виніс,8.71,,True,Липень 2026
1530,2026-07-21,Приїзд родичів,8.2,Таксі з дому і додому в Вінниці,False,Липень 2026
1531,2026-07-21,Продукти,6.8,,True,Липень 2026
1532,2026-07-21,Сигарети,7.0,,True,Липень 2026
1533,2026-07-21,Сигарети,7.0,,True,Липень 2026
1534,2026-07-22,Англійська,6.17,,False,Липень 2026
1535,2026-07-22,Масаж,60.0,,False,Липень 2026
1536,2026-07-22,Продукти,8.11,,True,Липень 2026
1537,2026-07-22,Речі для дому,9.2,Фільтри для води,False,Липень 2026
1538,2026-07-22,Сигарети,7.0,,True,Липень 2026
1539,2026-07-23,Продукти,4.64,,True,Липень 2026
1540,2026-07-23,Продукти,1.36,,True,Липень 2026
1541,2026-07-23,Продукти,3.61,,True,Липень 2026
1542,2026-07-23,Підписки,1.57,Гугл диск,False,Липень 2026
1543,2026-07-23,Підписки,5.59,Icloud,False,Липень 2026
1544,2026-07-23,Підписки,3.23,Youtube Оля,False,Липень 2026
1545,2026-07-23,Сигарети,7.0,,True,Липень 2026
1546,2026-07-24,Іжа на виніс,2.04,,True,Липень 2026
1547,2026-07-24,Іжа на виніс,18.56,,True,Липень 2026
1548,2026-07-24,Іжа на виніс,-4.98,,True,Липень 2026
1549,2026-07-24,Іжа на виніс,-4.19,,True,Липень 2026
1550,2026-07-24,Іжа на виніс,6.08,,True,Липень 2026
1551,2026-07-24,Перукар,75.0,,False,Липень 2026
1552,2026-07-24,Продукти,4.19,,True,Липень 2026
1553,2026-07-24,Продукти,1.99,,True,Липень 2026
1554,2026-07-24,Продукти,0.58,,True,Липень 2026
1555,2026-07-24,Сигарети,7.0,,True,Липень 2026
1556,2026-07-24,Солодке,4.98,,True,Липень 2026
1557,2026-07-24,Солодке,1.99,,True,Липень 2026
1558,2026-07-24,Солодке,0.61,,True,Липень 2026
1559,2026-07-25,Іжа на виніс,21.0,,True,Липень 2026
1560,2026-07-25,Продукти,3.01,,True,Липень 2026
1561,2026-07-25,Продукти,3.06,,True,Липень 2026
1562,2026-07-25,Сигарети,7.0,,True,Липень 2026
1563,2026-07-25,Солодке,3.57,,True,Липень 2026
1564,2026-07-26,Іжа на виніс,4.28,,True,Липень 2026
1565,2026-07-26,Продукти,23.46,,True,Липень 2026
1566,2026-07-26,Підписки,1.77,Ютуб Коля,False,Липень 2026
1567,2026-07-26,Сигарети,7.0,,True,Липень 2026
1568,2026-07-26,Солодке,7.47,,True,Липень 2026
1569,2026-07-26,Спорт,5.5,,False,Липень 2026
1570,2026-07-27,Іжа на виніс,4.12,,True,Липень 2026
1571,2026-07-27,Допомога,19.66,,False,Липень 2026
1572,2026-07-27,Продукти,3.01,,True,Липень 2026
1573,2026-07-27,Продукти,2.75,,True,Липень 2026
1574,2026-07-27,Продукти,3.99,,True,Липень 2026
1575,2026-07-27,Продукти,1.0,,True,Липень 2026
1576,2026-07-27,Підписки,5.7,Телефон Коля,False,Липень 2026
1577,2026-07-27,Солодке,2.2,,True,Липень 2026
1578,2026-07-27,Хоббі,74.8,,True,Липень 2026
1579,2026-07-27,Хімія,38.93,,True,Липень 2026
1580,2026-07-27,Хімія,8.85,,True,Липень 2026
1581,2026-07-27,Хімія,3.27,,True,Липень 2026
1582,2026-07-28,Іжа на виніс,11.3,,True,Липень 2026
1583,2026-07-28,Допомога,9.83,,False,Липень 2026
1584,2026-07-28,Продукти,16.62,,True,Липень 2026
1585,2026-07-28,Сигарети,14.0,,True,Липень 2026
1586,2026-07-28,Спорт,5.5,,False,Липень 2026
1587,2026-07-29,Допомога,9.83,,False,Липень 2026
1588,2026-07-29,Продукти,3.78,,True,Липень 2026
1589,2026-07-29,Сигарети,7.0,,True,Липень 2026
1590,2026-07-29,Снеки,3.12,,True,Липень 2026
1591,2026-07-29,Спорт,4.84,,False,Липень 2026
1592,2026-07-29,Спорт,2.33,,False,Липень 2026
1593,2026-07-29,Хоббі,11.0,Вазони,True,Липень 2026
1594,2026-07-30,Продукти,20.39,,True,Липень 2026
1595,2026-07-30,Підписки,21.6,,False,Липень 2026
1596,2026-07-30,Сигарети,7.0,,True,Липень 2026
1597,2026-07-31,Іжа в закладі,10.0,,True,Липень 2026
1598,2026-07-31,Іжа на виніс,5.46,,True,Липень 2026
1599,2026-07-31,Продукти,14.83,,True,Липень 2026
1600,2026-07-31,Продукти,2.27,,True,Липень 2026
1601,2026-07-31,Продукти,1.99,,True,Липень 2026
1602,2026-07-31,Продукти,7.77,,True,Липень 2026
1603,2026-07-31,Підписки,7.87,телефон лайф,False,Липень 2026
1604,2026-07-31,Сигарети,7.0,,True,Липень 2026
1605,2026-07-31,Снеки,1.73,,True,Липень 2026
1606,2026-07-31,Снеки,6.59,,True,Липень 2026
1607,2026-07-31,Спорт,11.0,,False,Липень 2026
1608,2026-08-01,Приїзд родичів,8.0,,False,Серпень 2026
1609,2026-08-01,Продукти,17.03,,True,Серпень 2026
1610,2026-08-01,Продукти,-10.5,,True,Серпень 2026
1611,2026-08-01,Продукти,2.24,,True,Серпень 2026
1612,2026-08-01,Проїзд,1.02,,True,Серпень 2026
1613,2026-08-01,Сигарети,7.0,,True,Серпень 2026
1614,2026-08-01,Солодке,0.7,,True,Серпень 2026
1615,2026-08-01,Солодке,3.91,,True,Серпень 2026
1616,2026-08-01,Таксі,5.96,,True,Серпень 2026
1617,2026-08-01,Таксі,4.22,,True,Серпень 2026
1618,2026-08-01,Таксі,4.96,,True,Серпень 2026
1619,2026-08-01,Таксі,6.18,,True,Серпень 2026
1620,2026-08-01,Хоббі,3.99,,True,Серпень 2026
1621,2026-08-02,Приїзд родичів,17.97,,False,Серпень 2026
1622,2026-08-02,Приїзд родичів,1.78,,False,Серпень 2026
1623,2026-08-02,Продукти,5.5,,True,Серпень 2026
1624,2026-08-02,Продукти,5.08,,True,Серпень 2026
1625,2026-08-02,Таксі,5.17,,True,Серпень 2026
1626,2026-08-02,Таксі,5.68,,True,Серпень 2026
1627,2026-08-02,Таксі,5.64,,True,Серпень 2026
1628,2026-08-02,Таксі,5.48,,True,Серпень 2026
1629,2026-08-03,Приїзд родичів,9.05,,False,Серпень 2026
1630,2026-08-03,Приїзд родичів,1.2,,False,Серпень 2026
1631,2026-08-03,Приїзд родичів,13.4,,False,Серпень 2026
1632,2026-08-03,Приїзд родичів,2.04,,False,Серпень 2026
1633,2026-08-03,Приїзд родичів,4.65,,False,Серпень 2026
1634,2026-08-03,Приїзд родичів,3.02,,False,Серпень 2026
1635,2026-08-03,Продукти,5.14,,True,Серпень 2026
1636,2026-08-03,Продукти,15.11,,True,Серпень 2026
1637,2026-08-03,Продукти,3.7,,True,Серпень 2026
1638,2026-08-03,Продукти,11.35,,True,Серпень 2026
1639,2026-08-03,Сигарети,7.0,,True,Серпень 2026
1640,2026-08-03,Солодке,3.98,,True,Серпень 2026
1641,2026-08-03,Солодке,3.9,,True,Серпень 2026
1642,2026-08-03,Таксі,5.04,,True,Серпень 2026
1643,2026-08-03,Таксі,4.06,,True,Серпень 2026
1644,2026-08-04,Іжа в закладі,6.83,,True,Серпень 2026
1645,2026-08-04,Іжа в закладі,0.6,,True,Серпень 2026
1646,2026-08-04,Іжа в закладі,25.2,,True,Серпень 2026
1647,2026-08-04,Іжа в закладі,4.5,,True,Серпень 2026
1648,2026-08-04,Іжа в закладі,12.0,,True,Серпень 2026
1649,2026-08-04,Іжа в закладі,12.43,,True,Серпень 2026
1650,2026-08-04,Іжа в закладі,5.46,,True,Серпень 2026
1651,2026-08-04,Іжа в закладі,1.37,,True,Серпень 2026
1652,2026-08-04,Приїзд родичів,25.0,,False,Серпень 2026
1653,2026-08-04,Сигарети,7.0,,True,Серпень 2026
1654,2026-08-04,Солодке,9.21,,True,Серпень 2026
1655,2026-08-04,Таксі,5.0,,True,Серпень 2026
1656,2026-08-04,Таксі,5.66,,True,Серпень 2026
1657,2026-08-04,Таксі,5.57,,True,Серпень 2026
1658,2026-08-04,Таксі,4.75,,True,Серпень 2026
1659,2026-08-04,Таксі,4.99,,True,Серпень 2026
1660,2026-08-05,Іжа в закладі,12.0,,True,Серпень 2026
1661,2026-08-05,Квартира,39.97,Світло,False,Серпень 2026
1662,2026-08-05,Квартира,32.52,Вода,False,Серпень 2026
1663,2026-08-05,Приїзд родичів,1.94,,False,Серпень 2026
1664,2026-08-05,Продукти,5.57,,True,Серпень 2026
1665,2026-08-05,Продукти,11.2,,True,Серпень 2026
1666,2026-08-05,Продукти,29.47,,True,Серпень 2026
1667,2026-08-05,Сигарети,7.0,,True,Серпень 2026
1668,2026-08-05,Солодке,2.0,,True,Серпень 2026
1669,2026-08-05,Солодке,2.1,,True,Серпень 2026
1670,2026-08-05,Таксі,6.0,,True,Серпень 2026
1671,2026-08-05,Таксі,5.85,,True,Серпень 2026
1672,2026-08-05,Таксі,5.97,,True,Серпень 2026
1673,2026-08-05,Таксі,5.67,,True,Серпень 2026
1674,2026-08-06,Іжа в закладі,44.0,,True,Серпень 2026
1675,2026-08-06,Іжа в закладі,2.1,,True,Серпень 2026
1676,2026-08-06,Іжа в закладі,7.3,,True,Серпень 2026
1677,2026-08-06,Іжа в закладі,18.65,,True,Серпень 2026
1678,2026-08-06,Приїзд родичів,5.0,,False,Серпень 2026
1679,2026-08-06,Приїзд родичів,3.5,,False,Серпень 2026
1680,2026-08-06,Приїзд родичів,3.0,,False,Серпень 2026
1681,2026-08-06,Приїзд родичів,1.0,,False,Серпень 2026
1682,2026-08-06,Приїзд родичів,25.0,,False,Серпень 2026
1683,2026-08-06,Продукти,7.19,,True,Серпень 2026
1684,2026-08-06,Сигарети,7.0,,True,Серпень 2026
1685,2026-08-06,Таксі,6.0,,True,Серпень 2026
1686,2026-08-06,Таксі,12.33,,True,Серпень 2026
1687,2026-08-06,Таксі,3.98,,True,Серпень 2026
1688,2026-08-06,Таксі,4.03,,True,Серпень 2026
1689,2026-08-07,Іжа в закладі,7.2,,True,Серпень 2026
1690,2026-08-07,Іжа в закладі,47.0,,True,Серпень 2026
1691,2026-08-07,Іжа в закладі,14.37,,True,Серпень 2026
1692,2026-08-07,Іжа в закладі,11.87,,True,Серпень 2026
1693,2026-08-07,Іжа в закладі,3.15,,True,Серпень 2026
1694,2026-08-07,Іжа в закладі,1.75,,True,Серпень 2026
1695,2026-08-07,Іжа в закладі,7.68,,True,Серпень 2026
1696,2026-08-07,Приїзд родичів,42.93,,False,Серпень 2026
1697,2026-08-07,Приїзд родичів,80.49,,False,Серпень 2026
1698,2026-08-07,Продукти,6.28,,True,Серпень 2026
1699,2026-08-07,Проїзд,0.51,,True,Серпень 2026
1700,2026-08-07,Сигарети,7.0,,True,Серпень 2026
1701,2026-08-07,Таксі,4.41,,True,Серпень 2026
1702,2026-08-07,Таксі,4.99,,True,Серпень 2026
1703,2026-08-08,Іжа в закладі,6.0,,True,Серпень 2026
1704,2026-08-08,Квартира,11.79,Інтернет домашній,False,Серпень 2026
1705,2026-08-08,Приїзд родичів,20.0,,False,Серпень 2026
1706,2026-08-08,Продукти,12.99,,True,Серпень 2026
1707,2026-08-08,Продукти,14.79,,True,Серпень 2026
1708,2026-08-08,Продукти,32.61,,True,Серпень 2026
1709,2026-08-08,Сигарети,7.0,,True,Серпень 2026
1710,2026-08-08,Таксі,3.7,,True,Серпень 2026
1711,2026-08-08,Таксі,6.52,,True,Серпень 2026
1712,2026-08-08,Таксі,5.63,,True,Серпень 2026
1713,2026-08-08,Таксі,5.98,,True,Серпень 2026
1714,2026-08-08,Таксі,3.22,,True,Серпень 2026
1715,2026-08-08,Таксі,4.41,,True,Серпень 2026
1716,2026-08-08,Таксі,6.06,,True,Серпень 2026
1717,2026-08-09,Іжа в закладі,96.5,,True,Серпень 2026
1718,2026-08-09,Іжа на виніс,33.69,,True,Серпень 2026
1719,2026-08-09,Приїзд родичів,6.5,,False,Серпень 2026
1720,2026-08-09,Приїзд родичів,53.48,,False,Серпень 2026
1721,2026-08-09,Приїзд родичів,18.15,,False,Серпень 2026
1722,2026-08-09,Продукти,8.06,,True,Серпень 2026
1723,2026-08-09,Сигарети,7.0,,True,Серпень 2026
1724,2026-08-09,Таксі,5.23,,True,Серпень 2026
1725,2026-08-09,Таксі,4.53,,True,Серпень 2026
1726,2026-08-09,Таксі,5.22,,True,Серпень 2026
1727,2026-08-10,Іжа на виніс,11.3,,True,Серпень 2026
1728,2026-08-10,Алкоголь,13.35,,True,Серпень 2026
1729,2026-08-10,Алкоголь,3.46,,True,Серпень 2026
1730,2026-08-10,Алкоголь,-1.94,,True,Серпень 2026
1731,2026-08-10,Квартира,560.0,,False,Серпень 2026
1732,2026-08-10,Приїзд родичів,28.89,,False,Серпень 2026
1733,2026-08-10,Приїзд родичів,-5.1,,False,Серпень 2026
1734,2026-08-10,Приїзд родичів,6.5,,False,Серпень 2026
1735,2026-08-10,Продукти,5.1,,True,Серпень 2026
1736,2026-08-10,Продукти,17.62,,True,Серпень 2026
1737,2026-08-10,Продукти,3.5,,True,Серпень 2026
1738,2026-08-10,Підписки,6.8,Мобільний Коля,False,Серпень 2026
1739,2026-08-10,Сигарети,7.0,,True,Серпень 2026
1740,2026-08-10,Снеки,1.94,,True,Серпень 2026
1741,2026-08-11,Іжа на виніс,7.64,,True,Серпень 2026
1742,2026-08-11,Масаж,60.0,,False,Серпень 2026
1743,2026-08-11,Проїзд,0.51,,True,Серпень 2026
1744,2026-08-11,Речі для дому,0.4,,False,Серпень 2026
1745,2026-08-11,Сигарети,7.0,,True,Серпень 2026
1746,2026-08-11,Таксі,4.42,,True,Серпень 2026
1747,2026-08-12,iherb,78.37,,True,Серпень 2026
1748,2026-08-12,Алкоголь,1.22,,True,Серпень 2026
1749,2026-08-12,Сигарети,7.0,,True,Серпень 2026
1750,2026-08-12,Снеки,2.12,,True,Серпень 2026
1751,2026-08-12,Солодке,4.33,,True,Серпень 2026
1752,2026-08-12,Спорт,5.5,,False,Серпень 2026
1753,2026-08-13,Продукти,2.3,,True,Серпень 2026
1754,2026-08-13,Продукти,3.83,,True,Серпень 2026
1755,2026-08-13,Продукти,3.94,,True,Серпень 2026
1756,2026-08-13,Продукти,1.71,,True,Серпень 2026
1757,2026-08-13,Продукти,0.5,,True,Серпень 2026
1758,2026-08-13,Продукти,0.46,,True,Серпень 2026
1759,2026-08-13,Продукти,1.61,,True,Серпень 2026
1760,2026-08-13,Хоббі,2.7,,True,Серпень 2026
1761,2026-08-13,Хоббі,1.84,,True,Серпень 2026
1762,2026-08-13,Хімія,9.24,,True,Серпень 2026
